ACCOUNT_ID,CUSTOMER_ID,ACCOUNT_TYPE,BRANCH_ID,OPEN_DATE,STATUS,CURRENCY,CURRENT_BALANCE
ACC-1001,CUST-0002,CURRENT,BR-009,2018-03-28,ACTIVE,INR,4766384.55
ACC-1002,CUST-0003,SAVINGS,BR-009,2021-01-21,ACTIVE,INR,21415.23
ACC-1003,CUST-0003,CURRENT,BR-009,2019-09-18,ACTIVE,INR,775606.68
ACC-1004,CUST-0004,SAVINGS,BR-015,2015-05-07,ACTIVE,INR,1221116.15
ACC-1005,CUST-0005,SAVINGS,BR-008,2017-12-27,ACTIVE,INR,517955.26
ACC-1006,CUST-0005,SAVINGS,BR-008,2024-05-24,ACTIVE,INR,999719.63
ACC-1007,CUST-0006,SAVINGS,BR-008,2017-02-19,ACTIVE,INR,3710387.21
ACC-1008,CUST-0006,SAVINGS,BR-008,2021-05-14,ACTIVE,INR,1021113.41
ACC-1009,CUST-0007,CURRENT,BR-003,2024-07-10,ACTIVE,INR,125183784.3
ACC-1010,CUST-0008,SAVINGS,BR-009,2023-01-25,ACTIVE,INR,10244249.37
ACC-1011,CUST-0009,SAVINGS,BR-006,2023-11-13,ACTIVE,INR,11512324.94
ACC-1012,CUST-0009,SAVINGS,BR-006,2023-11-13,ACTIVE,INR,144357.79
ACC-1013,CUST-0010,SAVINGS,BR-009,2025-03-01,ACTIVE,INR,10384532.84
ACC-1014,CUST-0010,SAVINGS,BR-009,2017-11-27,ACTIVE,INR,430058.05
ACC-1015,CUST-0011,CURRENT,BR-007,2024-11-14,ACTIVE,INR,376668.05
ACC-1016,CUST-0012,CURRENT,BR-003,2020-10-05,ACTIVE,INR,2367971.91
ACC-1017,CUST-0012,SAVINGS,BR-003,2022-08-25,ACTIVE,INR,2105572.18
ACC-1018,CUST-0013,SAVINGS,BR-012,2024-06-03,ACTIVE,INR,902264.38
ACC-1019,CUST-0014,SAVINGS,BR-011,2024-12-03,ACTIVE,INR,477080.61
ACC-1020,CUST-0015,SAVINGS,BR-014,2016-06-18,ACTIVE,INR,253701.06
ACC-1021,CUST-0015,SAVINGS,BR-010,2016-08-13,ACTIVE,INR,383365.42
ACC-1022,CUST-0016,SAVINGS,BR-008,2017-04-20,ACTIVE,INR,758836.87
ACC-1023,CUST-0017,SAVINGS,BR-001,2021-03-19,ACTIVE,INR,684752.45
ACC-1024,CUST-0018,CURRENT,BR-016,2021-05-20,ACTIVE,INR,642288.02
ACC-1025,CUST-0019,CURRENT,BR-003,2020-11-16,ACTIVE,INR,110949301.18
ACC-1026,CUST-0020,SAVINGS,BR-004,2022-08-25,ACTIVE,INR,20441.9
ACC-1027,CUST-0021,SAVINGS,BR-004,2016-09-21,ACTIVE,INR,24488.07
ACC-1028,CUST-0022,SAVINGS,BR-003,2021-11-28,ACTIVE,INR,1982548.12
ACC-1029,CUST-0023,SAVINGS,BR-002,2020-01-10,ACTIVE,INR,408005.0
ACC-1030,CUST-0023,SAVINGS,BR-016,2022-04-27,ACTIVE,INR,890128.87
ACC-1031,CUST-0023,SAVINGS,BR-002,2020-01-10,ACTIVE,INR,691597.7
ACC-1032,CUST-0024,CURRENT,BR-006,2018-09-02,ACTIVE,INR,381747.03
ACC-1033,CUST-0025,SAVINGS,BR-015,2021-04-23,ACTIVE,INR,272086.27
ACC-1034,CUST-0026,CURRENT,BR-006,2023-06-21,ACTIVE,INR,531292.93
ACC-1035,CUST-0027,SAVINGS,BR-007,2023-05-17,ACTIVE,INR,734451.98
ACC-1036,CUST-0028,CURRENT,BR-014,2018-10-25,ACTIVE,INR,306964.37
ACC-1037,CUST-0029,SAVINGS,BR-016,2017-04-08,ACTIVE,INR,576244.16
ACC-1038,CUST-0030,SAVINGS,BR-003,2023-01-25,ACTIVE,INR,583924.7
ACC-1039,CUST-0031,SAVINGS,BR-004,2023-04-28,ACTIVE,INR,1125621.06
ACC-1040,CUST-0032,SAVINGS,BR-008,2019-04-24,ACTIVE,INR,227026.11
ACC-1041,CUST-0033,SAVINGS,BR-013,2016-08-21,ACTIVE,INR,905380.52
ACC-1043,CUST-0034,SAVINGS,BR-010,2022-05-11,ACTIVE,INR,361361.12
ACC-1044,CUST-0035,SAVINGS,BR-005,2021-08-12,ACTIVE,INR,11747777.49
ACC-1045,CUST-0036,SAVINGS,BR-015,2024-02-05,ACTIVE,INR,29722.63
ACC-1046,CUST-0037,SAVINGS,BR-001,2024-08-25,ACTIVE,INR,303726.44
ACC-1047,CUST-0038,SAVINGS,BR-010,2021-10-25,ACTIVE,INR,29378.25
ACC-1048,CUST-0039,SAVINGS,BR-014,2020-02-15,ACTIVE,INR,347358.21
ACC-1049,CUST-0040,SAVINGS,BR-015,2022-06-03,ACTIVE,INR,20634.05
ACC-1050,CUST-0040,SAVINGS,BR-015,2022-06-03,ACTIVE,INR,205654.44
ACC-1051,CUST-0041,SAVINGS,BR-016,2023-08-03,ACTIVE,INR,236895.55
ACC-1052,CUST-0042,CURRENT,BR-016,2017-06-16,ACTIVE,INR,25195539.52
ACC-1053,CUST-0043,SAVINGS,BR-011,2024-01-07,ACTIVE,INR,1076708.05
ACC-1054,CUST-0043,SAVINGS,BR-011,2024-01-07,ACTIVE,INR,782252.38
ACC-1055,CUST-0044,SAVINGS,BR-008,2018-07-21,ACTIVE,INR,548075.37
ACC-1056,CUST-0045,SAVINGS,BR-016,2024-12-09,ACTIVE,INR,222615.19
ACC-1057,CUST-0046,SAVINGS,BR-008,2021-06-16,ACTIVE,INR,465401.76
ACC-1058,CUST-0047,SAVINGS,BR-003,2022-07-16,ACTIVE,INR,115049.17
ACC-1059,CUST-0048,CURRENT,BR-008,2015-10-07,ACTIVE,INR,118611018.19
ACC-1060,CUST-0049,SAVINGS,BR-010,2025-05-31,ACTIVE,INR,1532016.34
ACC-1061,CUST-0050,SAVINGS,BR-001,2025-02-16,ACTIVE,INR,786551.79
ACC-1062,CUST-0051,SAVINGS,BR-011,2024-05-03,ACTIVE,INR,1217987.24
ACC-1063,CUST-0052,SAVINGS,BR-001,2018-01-21,ACTIVE,INR,540451.9
ACC-1064,CUST-0053,SAVINGS,BR-016,2017-01-05,ACTIVE,INR,778179.07
ACC-1065,CUST-0054,SAVINGS,BR-010,2025-06-11,ACTIVE,INR,284278.02
ACC-1066,CUST-0055,SAVINGS,BR-014,2025-01-02,ACTIVE,INR,1857243.19
ACC-1067,CUST-0056,SAVINGS,BR-006,2017-08-25,ACTIVE,INR,1180778.56
ACC-1068,CUST-0057,SAVINGS,BR-013,2015-06-18,ACTIVE,INR,44478.38
ACC-1069,CUST-0057,SAVINGS,BR-011,2019-02-17,ACTIVE,INR,348361.39
ACC-1070,CUST-0057,CURRENT,BR-011,2015-06-18,DORMANT,INR,341246.74
ACC-1071,CUST-0058,SAVINGS,BR-013,2020-07-29,ACTIVE,INR,136899.32
ACC-1072,CUST-0059,SAVINGS,BR-010,2017-06-23,ACTIVE,INR,36365.89
ACC-1073,CUST-0060,SAVINGS,BR-008,2022-06-08,ACTIVE,INR,777365.48
ACC-1074,CUST-0061,SAVINGS,BR-014,2020-01-19,ACTIVE,INR,1380070.44
ACC-1075,CUST-0062,SAVINGS,BR-002,2016-04-06,ACTIVE,INR,494393.69
ACC-1076,CUST-0063,SAVINGS,BR-010,2025-05-31,ACTIVE,INR,433023.99
ACC-1077,CUST-0064,SAVINGS,BR-010,2020-11-29,ACTIVE,INR,669972.53
ACC-1078,CUST-0064,SAVINGS,BR-010,2020-11-29,ACTIVE,INR,701299.84
ACC-1079,CUST-0064,SAVINGS,BR-010,2020-11-29,ACTIVE,INR,534253.92
ACC-1080,CUST-0065,SAVINGS,BR-012,2024-08-04,ACTIVE,INR,510802.73
ACC-1081,CUST-0066,CURRENT,BR-010,2024-01-21,ACTIVE,INR,114716.7
ACC-1082,CUST-0067,SAVINGS,BR-004,2020-07-22,ACTIVE,INR,387322.03
ACC-1083,CUST-0067,SAVINGS,BR-004,2020-02-19,ACTIVE,INR,76295.39
ACC-1084,CUST-0068,SAVINGS,BR-002,2017-06-18,ACTIVE,INR,823842.58
ACC-1085,CUST-0069,SAVINGS,BR-011,2024-04-23,ACTIVE,INR,12713.45
ACC-1086,CUST-0069,SAVINGS,BR-008,2023-05-19,ACTIVE,INR,91875.93
ACC-1087,CUST-0070,CURRENT,BR-006,2020-02-13,ACTIVE,INR,79801480.59
ACC-1088,CUST-0071,SAVINGS,BR-015,2021-12-12,ACTIVE,INR,150646.48
ACC-1089,CUST-0072,SAVINGS,BR-007,2018-02-05,ACTIVE,INR,97125.85
ACC-1090,CUST-0073,SAVINGS,BR-012,2022-08-21,ACTIVE,INR,1798827.29
ACC-1091,CUST-0073,SAVINGS,BR-015,2022-08-21,ACTIVE,INR,1838197.57
ACC-1092,CUST-0074,CURRENT,BR-012,2021-06-26,ACTIVE,INR,17341895.51
ACC-1093,CUST-0075,SAVINGS,BR-005,2021-08-16,ACTIVE,INR,58772.59
ACC-1094,CUST-0075,SAVINGS,BR-005,2021-08-16,ACTIVE,INR,314889.91
ACC-1095,CUST-0076,SAVINGS,BR-010,2017-10-08,ACTIVE,INR,676132.58
ACC-1096,CUST-0077,SAVINGS,BR-012,2024-08-10,ACTIVE,INR,220988.66
ACC-1097,CUST-0078,SAVINGS,BR-004,2022-07-11,ACTIVE,INR,670568.18
ACC-1098,CUST-0079,CURRENT,BR-001,2017-02-28,ACTIVE,INR,36865247.03
ACC-1099,CUST-0080,SAVINGS,BR-001,2021-01-31,DORMANT,INR,60238.19
ACC-1100,CUST-0080,CURRENT,BR-012,2021-01-31,ACTIVE,INR,363145.04
ACC-1101,CUST-0081,SAVINGS,BR-014,2021-03-02,ACTIVE,INR,1142362.34
ACC-1102,CUST-0082,CURRENT,BR-012,2024-09-07,ACTIVE,INR,551352.45
ACC-1103,CUST-0082,SAVINGS,BR-012,2017-09-22,ACTIVE,INR,427825.96
ACC-1104,CUST-0083,SAVINGS,BR-011,2022-12-16,ACTIVE,INR,6532.97
ACC-1105,CUST-0083,SAVINGS,BR-011,2018-02-28,ACTIVE,INR,386656.3
ACC-1106,CUST-0084,CURRENT,BR-008,2024-06-06,ACTIVE,INR,111084829.39
ACC-1107,CUST-0085,CURRENT,BR-015,2021-11-08,ACTIVE,INR,241480.63
ACC-1108,CUST-0086,SAVINGS,BR-011,2022-03-20,ACTIVE,INR,1028686.6
ACC-1109,CUST-0087,SAVINGS,BR-010,2024-12-20,ACTIVE,INR,219666.77
ACC-1110,CUST-0087,CURRENT,BR-010,2020-06-12,ACTIVE,INR,185000.14
ACC-1111,CUST-0088,SAVINGS,BR-012,2020-08-14,ACTIVE,INR,267482.72
ACC-1112,CUST-0089,SAVINGS,BR-007,2021-06-26,ACTIVE,INR,286759.12
ACC-1113,CUST-0090,SAVINGS,BR-010,2023-03-25,ACTIVE,INR,2191240.49
ACC-1114,CUST-0091,SAVINGS,BR-002,2018-11-27,ACTIVE,INR,44504.72
ACC-1115,CUST-0091,SAVINGS,BR-002,2015-08-06,ACTIVE,INR,255692.9
ACC-1116,CUST-0091,SAVINGS,BR-002,2019-09-22,ACTIVE,INR,80045.18
ACC-1117,CUST-0092,SAVINGS,BR-012,2020-12-04,ACTIVE,INR,12005.25
ACC-1118,CUST-0092,SAVINGS,BR-012,2017-01-13,ACTIVE,INR,417490.13
ACC-1119,CUST-0093,SAVINGS,BR-010,2021-05-15,ACTIVE,INR,297312.13
ACC-1120,CUST-0093,SAVINGS,BR-010,2021-08-31,ACTIVE,INR,356446.16
ACC-1121,CUST-0094,SAVINGS,BR-002,2016-06-10,ACTIVE,INR,1400691.07
ACC-1122,CUST-0095,SAVINGS,BR-008,2024-09-19,ACTIVE,INR,812700.1
ACC-1123,CUST-0096,SAVINGS,BR-009,2019-06-16,ACTIVE,INR,333897.44
ACC-1124,CUST-0096,SAVINGS,BR-009,2021-03-02,ACTIVE,INR,333576.59
ACC-1125,CUST-0097,CURRENT,BR-004,2016-07-09,ACTIVE,INR,114634143.22
ACC-1126,CUST-0098,SAVINGS,BR-016,2018-02-16,ACTIVE,INR,288742.87
ACC-1127,CUST-0099,SAVINGS,BR-016,2016-01-18,ACTIVE,INR,924635.97
ACC-1128,CUST-0100,SAVINGS,BR-002,2021-10-03,ACTIVE,INR,309076.84
ACC-1129,CUST-0101,SAVINGS,BR-006,2023-08-31,ACTIVE,INR,1173709.95
ACC-1130,CUST-0102,SAVINGS,BR-016,2019-07-23,ACTIVE,INR,391899.27
ACC-1131,CUST-0102,SAVINGS,BR-012,2019-09-11,DORMANT,INR,319348.35
ACC-1132,CUST-0102,CURRENT,BR-012,2020-02-07,ACTIVE,INR,409141.76
ACC-1133,CUST-0103,CURRENT,BR-004,2015-01-16,ACTIVE,INR,82905964.08
ACC-1134,CUST-0104,CURRENT,BR-003,2014-09-21,ACTIVE,INR,45493.13
ACC-1135,CUST-0104,SAVINGS,BR-003,2015-02-11,ACTIVE,INR,230404.96
ACC-1136,CUST-0104,SAVINGS,BR-003,2023-11-25,ACTIVE,INR,15911.55
ACC-1137,CUST-0105,SAVINGS,BR-012,2022-09-26,ACTIVE,INR,436220.89
ACC-1138,CUST-0106,SAVINGS,BR-003,2023-07-20,ACTIVE,INR,583488.94
ACC-1139,CUST-0107,SAVINGS,BR-011,2024-05-09,ACTIVE,INR,303162.96
ACC-1140,CUST-0108,CURRENT,BR-005,2024-12-07,ACTIVE,INR,179924861.32
ACC-1141,CUST-0109,SAVINGS,BR-010,2015-07-18,ACTIVE,INR,295818.2
ACC-1142,CUST-0110,CURRENT,BR-016,2022-06-18,ACTIVE,INR,36321.52
ACC-1143,CUST-0111,SAVINGS,BR-014,2022-06-21,ACTIVE,INR,809070.78
ACC-1144,CUST-0112,CURRENT,BR-008,2023-04-26,ACTIVE,INR,1029191.06
ACC-1145,CUST-0112,SAVINGS,BR-008,2013-12-14,ACTIVE,INR,791507.39
ACC-1146,CUST-0113,SAVINGS,BR-013,2024-05-01,DORMANT,INR,61092.78
ACC-1147,CUST-0114,SAVINGS,BR-011,2024-02-16,ACTIVE,INR,106782.75
ACC-1148,CUST-0115,CURRENT,BR-005,2023-12-09,ACTIVE,INR,123142127.09
ACC-1149,CUST-0116,CURRENT,BR-004,2024-12-21,ACTIVE,INR,942769.93
ACC-1150,CUST-0117,SAVINGS,BR-013,2021-05-23,ACTIVE,INR,633178.1
ACC-1151,CUST-0117,SAVINGS,BR-004,2021-05-23,ACTIVE,INR,669603.35
ACC-1152,CUST-0118,SAVINGS,BR-005,2023-12-16,ACTIVE,INR,517665.11
ACC-1153,CUST-0118,CURRENT,BR-003,2023-12-16,ACTIVE,INR,224520.03
ACC-1154,CUST-0119,SAVINGS,BR-010,2020-07-23,ACTIVE,INR,1209333.92
ACC-1155,CUST-0120,SAVINGS,BR-014,2017-10-01,ACTIVE,INR,329794.17
ACC-1156,CUST-0121,SAVINGS,BR-008,2022-08-05,ACTIVE,INR,355846.13
ACC-1157,CUST-0122,SAVINGS,BR-016,2017-03-17,ACTIVE,INR,138268.5
ACC-1158,CUST-0123,SAVINGS,BR-002,2020-07-11,ACTIVE,INR,1413498.62
ACC-1159,CUST-0124,SAVINGS,BR-011,2024-09-25,ACTIVE,INR,301228.94
ACC-1160,CUST-0125,SAVINGS,BR-004,2020-03-09,ACTIVE,INR,714930.36
ACC-1161,CUST-0126,CURRENT,BR-004,2025-06-29,ACTIVE,INR,575202.51
ACC-1162,CUST-0126,SAVINGS,BR-004,2020-03-29,ACTIVE,INR,779329.61
ACC-1163,CUST-0127,SAVINGS,BR-014,2025-05-12,ACTIVE,INR,438792.57
ACC-1164,CUST-0128,SAVINGS,BR-007,2025-06-28,ACTIVE,INR,1295781.78
ACC-1165,CUST-0128,SAVINGS,BR-007,2022-12-18,ACTIVE,INR,850766.42
ACC-1166,CUST-0129,SAVINGS,BR-004,2018-02-18,ACTIVE,INR,654812.05
ACC-1167,CUST-0130,SAVINGS,BR-002,2021-06-05,ACTIVE,INR,558818.69
ACC-1168,CUST-0130,SAVINGS,BR-002,2021-06-05,ACTIVE,INR,533673.72
ACC-1169,CUST-0130,SAVINGS,BR-002,2021-06-05,ACTIVE,INR,532201.43
ACC-1170,CUST-0131,SAVINGS,BR-005,2017-01-17,ACTIVE,INR,392637.48
ACC-1171,CUST-0131,SAVINGS,BR-005,2016-01-06,ACTIVE,INR,92846.2
ACC-1172,CUST-0132,SAVINGS,BR-008,2015-07-28,ACTIVE,INR,353393.66
ACC-1173,CUST-0132,CURRENT,BR-008,2019-07-27,ACTIVE,INR,335793.0
ACC-1174,CUST-0133,SAVINGS,BR-002,2020-10-11,ACTIVE,INR,430284.49
ACC-1175,CUST-0134,SAVINGS,BR-008,2016-05-17,ACTIVE,INR,1503955.31
ACC-1176,CUST-0135,SAVINGS,BR-005,2022-05-21,ACTIVE,INR,871629.4
ACC-1177,CUST-0136,SAVINGS,BR-007,2020-06-16,ACTIVE,INR,505111.26
ACC-1178,CUST-0136,SAVINGS,BR-007,2020-06-16,ACTIVE,INR,267973.49
ACC-1179,CUST-0137,SAVINGS,BR-010,2016-09-14,ACTIVE,INR,128222.48
ACC-1180,CUST-0138,SAVINGS,BR-012,2016-07-22,ACTIVE,INR,149697.3
ACC-1181,CUST-0139,CURRENT,BR-009,2020-07-08,ACTIVE,INR,655436.24
ACC-1182,CUST-0140,CURRENT,BR-016,2015-10-10,ACTIVE,INR,1410101.0
ACC-1183,CUST-0141,CURRENT,BR-005,2022-11-02,ACTIVE,INR,10458433.27
ACC-1184,CUST-0141,CURRENT,BR-005,2022-11-02,ACTIVE,INR,8084517.06
ACC-1185,CUST-0142,CURRENT,BR-009,2023-10-05,ACTIVE,INR,19640881.82
ACC-1186,CUST-0143,CURRENT,BR-013,2021-01-22,ACTIVE,INR,337225.19
ACC-1187,CUST-0144,SAVINGS,BR-016,2024-09-17,ACTIVE,INR,835241.31
ACC-1188,CUST-0145,CURRENT,BR-002,2020-06-02,ACTIVE,INR,9533609.61
ACC-1189,CUST-0146,CURRENT,BR-005,2014-01-04,ACTIVE,INR,1246018.23
ACC-1190,CUST-0146,SAVINGS,BR-005,2020-07-27,ACTIVE,INR,856172.0
ACC-1191,CUST-0147,SAVINGS,BR-015,2018-08-16,ACTIVE,INR,272672.73
ACC-1192,CUST-0148,SAVINGS,BR-005,2023-06-07,ACTIVE,INR,1008368.28
ACC-1193,CUST-0149,CURRENT,BR-014,2024-11-03,ACTIVE,INR,90667001.56
ACC-1194,CUST-0150,SAVINGS,BR-013,2025-04-18,ACTIVE,INR,161876.28
ACC-1195,CUST-0151,SAVINGS,BR-007,2021-11-15,ACTIVE,INR,2156962.03
ACC-1196,CUST-0152,SAVINGS,BR-011,2024-01-21,ACTIVE,INR,10865.68
ACC-1197,CUST-0153,SAVINGS,BR-015,2024-06-21,ACTIVE,INR,14931.71
ACC-1198,CUST-0154,SAVINGS,BR-016,2025-04-26,ACTIVE,INR,8139436.61
ACC-1199,CUST-0154,SAVINGS,BR-016,2025-04-26,ACTIVE,INR,175212.67
ACC-1200,CUST-0155,CURRENT,BR-013,2023-08-20,ACTIVE,INR,127983030.84
ACC-1201,CUST-0155,CURRENT,BR-013,2025-06-08,ACTIVE,INR,89518007.55
ACC-1202,CUST-0156,SAVINGS,BR-005,2019-01-18,ACTIVE,INR,777553.76
ACC-1203,CUST-0157,SAVINGS,BR-015,2015-08-13,ACTIVE,INR,1536661.46
ACC-1204,CUST-0158,SAVINGS,BR-014,2016-06-04,ACTIVE,INR,159563.38
ACC-1205,CUST-0159,SAVINGS,BR-003,2024-03-17,ACTIVE,INR,1753423.28
ACC-1206,CUST-0159,SAVINGS,BR-001,2022-12-23,ACTIVE,INR,1704536.85
ACC-1207,CUST-0159,SAVINGS,BR-010,2023-12-24,ACTIVE,INR,1369976.68
ACC-1208,CUST-0160,SAVINGS,BR-012,2023-09-21,ACTIVE,INR,128125.77
ACC-1209,CUST-0161,CURRENT,BR-013,2023-06-14,ACTIVE,INR,815469.08
ACC-1210,CUST-0161,SAVINGS,BR-013,2022-12-25,ACTIVE,INR,581441.4
ACC-1211,CUST-0162,CURRENT,BR-001,2021-12-15,ACTIVE,INR,16032735.79
ACC-1212,CUST-0163,SAVINGS,BR-008,2024-05-19,ACTIVE,INR,748512.47
ACC-1213,CUST-0163,SAVINGS,BR-008,2018-01-03,ACTIVE,INR,364983.94
ACC-1214,CUST-0164,SAVINGS,BR-007,2019-10-26,ACTIVE,INR,1352108.32
ACC-1215,CUST-0165,CURRENT,BR-014,2025-05-21,ACTIVE,INR,1879505.64
ACC-1216,CUST-0166,SAVINGS,BR-005,2024-01-08,ACTIVE,INR,392591.98
ACC-1217,CUST-0166,SAVINGS,BR-014,2018-01-15,ACTIVE,INR,266280.83
ACC-1218,CUST-0167,SAVINGS,BR-003,2020-05-06,ACTIVE,INR,493586.27
ACC-1219,CUST-0167,SAVINGS,BR-003,2023-06-21,ACTIVE,INR,865382.35
ACC-1220,CUST-0167,SAVINGS,BR-003,2015-06-11,ACTIVE,INR,703489.92
ACC-1221,CUST-0168,SAVINGS,BR-016,2017-07-20,ACTIVE,INR,1972385.43
ACC-1222,CUST-0169,CURRENT,BR-015,2020-01-31,ACTIVE,INR,16409439.52
ACC-1223,CUST-0170,CURRENT,BR-010,2022-09-11,ACTIVE,INR,32832154.64
ACC-1224,CUST-0171,CURRENT,BR-011,2019-06-25,ACTIVE,INR,8417629.8
ACC-1225,CUST-0172,SAVINGS,BR-005,2018-02-19,ACTIVE,INR,650903.4
ACC-1226,CUST-0172,SAVINGS,BR-005,2016-12-25,ACTIVE,INR,987140.65
ACC-1227,CUST-0173,SAVINGS,BR-006,2023-10-22,ACTIVE,INR,448230.65
ACC-1228,CUST-0174,SAVINGS,BR-007,2023-03-16,ACTIVE,INR,143290.38
ACC-1229,CUST-0175,CURRENT,BR-013,2024-10-31,ACTIVE,INR,26671261.2
ACC-1230,CUST-0176,CURRENT,BR-013,2024-01-13,ACTIVE,INR,19740435.27
ACC-1231,CUST-0176,CURRENT,BR-013,2024-01-13,ACTIVE,INR,23004203.99
ACC-1232,CUST-0177,SAVINGS,BR-005,2023-12-04,ACTIVE,INR,586044.84
ACC-1233,CUST-0178,CURRENT,BR-002,2021-01-11,ACTIVE,INR,64115150.75
ACC-1234,CUST-0179,SAVINGS,BR-004,2024-12-06,ACTIVE,INR,354710.96
ACC-1235,CUST-0180,SAVINGS,BR-006,2024-09-23,ACTIVE,INR,4080.81
ACC-1236,CUST-0181,SAVINGS,BR-014,2020-04-20,ACTIVE,INR,1355479.92
ACC-1237,CUST-0182,SAVINGS,BR-010,2022-04-08,ACTIVE,INR,45948.94
ACC-1238,CUST-0183,CURRENT,BR-001,2023-04-07,ACTIVE,INR,11518849.28
ACC-1239,CUST-0184,CURRENT,BR-009,2023-05-03,ACTIVE,INR,229988.47
ACC-1240,CUST-0185,CURRENT,BR-014,2019-01-05,ACTIVE,INR,688491.91
ACC-1241,CUST-0186,CURRENT,BR-015,2014-09-09,ACTIVE,INR,41655825.36
ACC-1242,CUST-0186,CURRENT,BR-015,2014-09-09,ACTIVE,INR,39015806.6
ACC-1243,CUST-0187,SAVINGS,BR-003,2024-06-05,ACTIVE,INR,1751919.84
ACC-1244,CUST-0188,SAVINGS,BR-001,2021-07-05,ACTIVE,INR,637465.46
ACC-1245,CUST-0188,SAVINGS,BR-005,2022-10-04,ACTIVE,INR,534116.49
ACC-1246,CUST-0189,CURRENT,BR-005,2023-12-10,ACTIVE,INR,59944806.78
ACC-1247,CUST-0190,CURRENT,BR-006,2024-05-08,ACTIVE,INR,28283096.14
ACC-1248,CUST-0191,CURRENT,BR-008,2022-11-14,ACTIVE,INR,107716157.06
ACC-1249,CUST-0191,CURRENT,BR-008,2022-11-14,ACTIVE,INR,103412789.47
ACC-1250,CUST-0192,SAVINGS,BR-002,2022-01-23,ACTIVE,INR,110573.14
ACC-1251,CUST-0193,CURRENT,BR-008,2023-09-28,ACTIVE,INR,8127801.65
ACC-1252,CUST-0193,CURRENT,BR-006,2020-01-18,ACTIVE,INR,7946908.24
ACC-1253,CUST-0193,CURRENT,BR-008,2020-01-18,ACTIVE,INR,5162484.57
ACC-1254,CUST-0194,CURRENT,BR-014,2023-02-11,ACTIVE,INR,10263895.87
ACC-1255,CUST-0195,SAVINGS,BR-011,2023-10-21,ACTIVE,INR,171780.12
ACC-1256,CUST-0196,CURRENT,BR-010,2024-08-08,ACTIVE,INR,287173.47
ACC-1257,CUST-0196,SAVINGS,BR-010,2024-08-08,ACTIVE,INR,63623.8
ACC-1258,CUST-0197,SAVINGS,BR-010,2019-02-19,ACTIVE,INR,918211.38
ACC-1259,CUST-0198,CURRENT,BR-003,2017-08-06,ACTIVE,INR,523316.18
ACC-1260,CUST-0198,CURRENT,BR-003,2022-12-13,ACTIVE,INR,800303.26
ACC-1261,CUST-0199,SAVINGS,BR-014,2024-12-18,ACTIVE,INR,507107.4
ACC-1262,CUST-0200,SAVINGS,BR-009,2019-07-31,ACTIVE,INR,360301.73
ACC-1263,CUST-0201,SAVINGS,BR-006,2016-10-23,ACTIVE,INR,472411.61
ACC-1264,CUST-0202,SAVINGS,BR-016,2014-10-11,ACTIVE,INR,86064.09
ACC-1265,CUST-0203,SAVINGS,BR-013,2020-04-14,ACTIVE,INR,644019.98
ACC-1266,CUST-0203,SAVINGS,BR-013,2020-04-14,ACTIVE,INR,494017.46
ACC-1267,CUST-0204,CURRENT,BR-002,2018-01-16,ACTIVE,INR,886693.27
ACC-1268,CUST-0205,CURRENT,BR-008,2022-01-26,ACTIVE,INR,75981781.47
ACC-1269,CUST-0206,SAVINGS,BR-003,2020-01-21,ACTIVE,INR,18478.33
ACC-1270,CUST-0207,SAVINGS,BR-014,2018-05-22,ACTIVE,INR,1419231.07
ACC-1271,CUST-0207,SAVINGS,BR-014,2019-06-06,ACTIVE,INR,1499910.03
ACC-1272,CUST-0208,SAVINGS,BR-016,2022-10-01,ACTIVE,INR,1026499.48
ACC-1273,CUST-0208,CURRENT,BR-004,2021-06-11,ACTIVE,INR,742703.14
ACC-1274,CUST-0209,CURRENT,BR-011,2021-12-08,ACTIVE,INR,169661888.04
ACC-1275,CUST-0210,SAVINGS,BR-014,2023-05-14,ACTIVE,INR,2117830.06
ACC-1276,CUST-0211,CURRENT,BR-002,2023-04-30,ACTIVE,INR,40375694.27
ACC-1277,CUST-0212,CURRENT,BR-015,2014-10-30,ACTIVE,INR,1863783.28
ACC-1278,CUST-0213,CURRENT,BR-007,2017-04-21,ACTIVE,INR,55871717.97
ACC-1279,CUST-0214,SAVINGS,BR-010,2025-05-23,ACTIVE,INR,1439629.67
ACC-1280,CUST-0215,SAVINGS,BR-012,2022-11-24,ACTIVE,INR,1280075.77
ACC-1281,CUST-0216,SAVINGS,BR-002,2023-06-20,ACTIVE,INR,390381.48
ACC-1282,CUST-0217,SAVINGS,BR-007,2017-11-28,ACTIVE,INR,325091.12
ACC-1283,CUST-0218,SAVINGS,BR-006,2020-05-02,ACTIVE,INR,722103.17
ACC-1284,CUST-0218,SAVINGS,BR-006,2020-05-02,ACTIVE,INR,381783.93
ACC-1285,CUST-0218,SAVINGS,BR-006,2020-05-02,ACTIVE,INR,883907.89
ACC-1286,CUST-0219,CURRENT,BR-003,2015-05-20,ACTIVE,INR,1322919.01
ACC-1287,CUST-0220,SAVINGS,BR-006,2018-02-18,ACTIVE,INR,439654.03
ACC-1288,CUST-0221,SAVINGS,BR-014,2014-01-14,ACTIVE,INR,114012.34
ACC-1289,CUST-0221,CURRENT,BR-014,2023-10-10,ACTIVE,INR,342063.02
ACC-1290,CUST-0222,SAVINGS,BR-008,2019-07-16,ACTIVE,INR,26468.65
ACC-1291,CUST-0223,SAVINGS,BR-005,2017-01-11,ACTIVE,INR,675129.13
ACC-1292,CUST-0224,SAVINGS,BR-002,2019-11-15,ACTIVE,INR,738177.27
ACC-1293,CUST-0225,SAVINGS,BR-005,2018-01-20,ACTIVE,INR,12753960.69
ACC-1294,CUST-0226,SAVINGS,BR-010,2016-10-02,ACTIVE,INR,372801.94
ACC-1295,CUST-0227,SAVINGS,BR-007,2023-01-30,ACTIVE,INR,344954.04
ACC-1296,CUST-0228,CURRENT,BR-015,2019-01-05,ACTIVE,INR,1296592.56
ACC-1297,CUST-0229,SAVINGS,BR-006,2020-12-27,DORMANT,INR,151541.21
ACC-1298,CUST-0230,SAVINGS,BR-006,2014-02-20,ACTIVE,INR,816415.89
ACC-1299,CUST-0231,SAVINGS,BR-016,2023-10-09,ACTIVE,INR,397615.59
ACC-1300,CUST-0232,SAVINGS,BR-004,2015-07-09,ACTIVE,INR,287227.08
ACC-1301,CUST-0233,CURRENT,BR-011,2021-12-17,ACTIVE,INR,133060.13
ACC-1302,CUST-0234,SAVINGS,BR-001,2024-04-04,ACTIVE,INR,905943.29
ACC-1303,CUST-0235,SAVINGS,BR-016,2019-12-19,ACTIVE,INR,412198.34
ACC-1304,CUST-0236,SAVINGS,BR-005,2021-05-18,ACTIVE,INR,642237.44
ACC-1305,CUST-0237,SAVINGS,BR-004,2024-07-26,ACTIVE,INR,662634.63
ACC-1306,CUST-0238,CURRENT,BR-005,2017-07-26,ACTIVE,INR,955015.5
ACC-1307,CUST-0238,CURRENT,BR-005,2021-05-25,ACTIVE,INR,755144.24
ACC-1308,CUST-0238,SAVINGS,BR-001,2017-07-26,ACTIVE,INR,712391.5
ACC-1309,CUST-0239,SAVINGS,BR-010,2018-07-08,ACTIVE,INR,357432.19
ACC-1310,CUST-0240,SAVINGS,BR-007,2023-12-22,ACTIVE,INR,616491.34
ACC-1311,CUST-0240,SAVINGS,BR-011,2023-12-22,ACTIVE,INR,512245.44
ACC-1312,CUST-0240,CURRENT,BR-011,2023-12-22,ACTIVE,INR,331364.54
ACC-1313,CUST-0241,SAVINGS,BR-002,2018-08-14,ACTIVE,INR,843192.85
ACC-1314,CUST-0242,SAVINGS,BR-013,2025-04-12,ACTIVE,INR,462147.22
ACC-1315,CUST-0243,CURRENT,BR-012,2022-03-19,ACTIVE,INR,2210466.79
ACC-1316,CUST-0244,SAVINGS,BR-009,2019-03-27,ACTIVE,INR,354645.12
ACC-1317,CUST-0245,CURRENT,BR-011,2021-01-17,ACTIVE,INR,28640221.95
ACC-1318,CUST-0246,SAVINGS,BR-007,2017-06-20,ACTIVE,INR,1175861.94
ACC-1319,CUST-0247,CURRENT,BR-010,2016-04-26,ACTIVE,INR,456551.4
ACC-1320,CUST-0248,SAVINGS,BR-007,2017-08-01,ACTIVE,INR,117846.57
ACC-1321,CUST-0249,SAVINGS,BR-009,2019-10-17,ACTIVE,INR,237031.81
ACC-1322,CUST-0249,SAVINGS,BR-011,2013-11-12,ACTIVE,INR,406139.79
ACC-1323,CUST-0249,CURRENT,BR-009,2017-12-03,ACTIVE,INR,573177.72
ACC-1324,CUST-0250,SAVINGS,BR-003,2021-10-25,ACTIVE,INR,675115.53
ACC-1325,CUST-0251,SAVINGS,BR-013,2024-06-13,ACTIVE,INR,265693.55
ACC-1326,CUST-0251,SAVINGS,BR-006,2024-06-13,ACTIVE,INR,50222.56
ACC-1327,CUST-0251,CURRENT,BR-013,2025-01-30,ACTIVE,INR,298739.59
ACC-1328,CUST-0252,CURRENT,BR-010,2020-07-26,ACTIVE,INR,37589832.71
ACC-1329,CUST-0253,SAVINGS,BR-015,2024-05-09,ACTIVE,INR,176654.68
ACC-1330,CUST-0253,SAVINGS,BR-015,2022-12-05,ACTIVE,INR,201150.84
ACC-1331,CUST-0254,SAVINGS,BR-011,2021-08-09,ACTIVE,INR,183843.85
ACC-1332,CUST-0255,CURRENT,BR-012,2021-09-24,ACTIVE,INR,92935927.1
ACC-1333,CUST-0256,CURRENT,BR-009,2024-12-25,ACTIVE,INR,898774.82
ACC-1334,CUST-0257,SAVINGS,BR-016,2024-10-10,ACTIVE,INR,807626.56
ACC-1335,CUST-0258,CURRENT,BR-006,2022-11-04,ACTIVE,INR,59978092.85
ACC-1336,CUST-0259,CURRENT,BR-008,2019-04-08,ACTIVE,INR,30802397.63
ACC-1337,CUST-0260,SAVINGS,BR-013,2021-02-06,ACTIVE,INR,95328.56
ACC-1338,CUST-0260,SAVINGS,BR-013,2021-02-06,ACTIVE,INR,308580.28
ACC-1339,CUST-0261,SAVINGS,BR-005,2020-02-15,ACTIVE,INR,59083.92
ACC-1340,CUST-0262,SAVINGS,BR-004,2012-12-19,ACTIVE,INR,903081.6
ACC-1341,CUST-0263,SAVINGS,BR-006,2018-05-11,ACTIVE,INR,305535.43
ACC-1342,CUST-0263,SAVINGS,BR-006,2025-06-13,ACTIVE,INR,339473.45
ACC-1343,CUST-0264,CURRENT,BR-004,2024-03-01,DORMANT,INR,131127.8
ACC-1344,CUST-0265,SAVINGS,BR-001,2025-06-14,ACTIVE,INR,387129.25
ACC-1345,CUST-0266,SAVINGS,BR-001,2023-11-19,ACTIVE,INR,50613.01
ACC-1346,CUST-0267,SAVINGS,BR-005,2024-03-10,ACTIVE,INR,200557.28
ACC-1347,CUST-0268,SAVINGS,BR-011,2024-08-30,ACTIVE,INR,688657.04
ACC-1348,CUST-0269,SAVINGS,BR-006,2021-04-25,ACTIVE,INR,618349.4
ACC-1349,CUST-0270,CURRENT,BR-011,2021-07-31,ACTIVE,INR,299286.75
ACC-1350,CUST-0271,SAVINGS,BR-003,2023-02-01,ACTIVE,INR,579353.02
ACC-1351,CUST-0272,CURRENT,BR-008,2019-12-02,ACTIVE,INR,6847885.4
ACC-1352,CUST-0273,CURRENT,BR-010,2024-11-22,ACTIVE,INR,747335.17
ACC-1353,CUST-0274,SAVINGS,BR-010,2020-06-16,ACTIVE,INR,414012.13
ACC-1354,CUST-0275,SAVINGS,BR-001,2023-11-24,ACTIVE,INR,555846.58
ACC-1355,CUST-0275,SAVINGS,BR-001,2021-07-15,ACTIVE,INR,141129.48
ACC-1356,CUST-0276,SAVINGS,BR-013,2018-06-09,ACTIVE,INR,387879.02
ACC-1357,CUST-0277,SAVINGS,BR-012,2023-01-18,ACTIVE,INR,1549000.09
ACC-1358,CUST-0278,CURRENT,BR-011,2024-12-07,ACTIVE,INR,92160587.85
ACC-1359,CUST-0278,CURRENT,BR-011,2024-12-07,ACTIVE,INR,86670430.61
ACC-1360,CUST-0279,CURRENT,BR-012,2015-04-25,ACTIVE,INR,7796554.3
ACC-1361,CUST-0279,CURRENT,BR-012,2022-09-24,ACTIVE,INR,5661337.63
ACC-1362,CUST-0280,SAVINGS,BR-009,2018-03-31,ACTIVE,INR,907237.53
ACC-1363,CUST-0280,SAVINGS,BR-009,2016-09-20,ACTIVE,INR,1140190.12
ACC-1364,CUST-0281,SAVINGS,BR-005,2021-07-04,ACTIVE,INR,1521237.19
ACC-1365,CUST-0282,CURRENT,BR-011,2024-08-10,ACTIVE,INR,4991974.89
ACC-1366,CUST-0283,CURRENT,BR-016,2017-10-12,ACTIVE,INR,26513253.34
ACC-1367,CUST-0283,CURRENT,BR-016,2024-04-27,ACTIVE,INR,19172417.27
ACC-1368,CUST-0284,CURRENT,BR-007,2023-12-11,ACTIVE,INR,53107938.02
ACC-1369,CUST-0285,SAVINGS,BR-011,2021-06-17,ACTIVE,INR,707771.35
ACC-1370,CUST-0286,SAVINGS,BR-015,2016-12-01,ACTIVE,INR,1737806.75
ACC-1371,CUST-0287,SAVINGS,BR-001,2020-09-28,ACTIVE,INR,309102.64
ACC-1372,CUST-0288,SAVINGS,BR-001,2024-02-04,ACTIVE,INR,323886.91
ACC-1373,CUST-0289,SAVINGS,BR-010,2017-10-29,ACTIVE,INR,493437.66
ACC-1374,CUST-0290,SAVINGS,BR-001,2025-05-22,ACTIVE,INR,1010752.24
ACC-1375,CUST-0291,SAVINGS,BR-008,2017-05-16,ACTIVE,INR,399141.01
ACC-1376,CUST-0292,SAVINGS,BR-006,2012-08-03,ACTIVE,INR,620677.29
ACC-1377,CUST-0293,CURRENT,BR-009,2019-09-01,ACTIVE,INR,30909823.66
ACC-1378,CUST-0294,SAVINGS,BR-003,2025-04-27,ACTIVE,INR,178953.86
ACC-1379,CUST-0295,SAVINGS,BR-008,2018-12-31,ACTIVE,INR,452306.69
ACC-1380,CUST-0295,SAVINGS,BR-008,2021-05-04,ACTIVE,INR,549755.81
ACC-1381,CUST-0296,SAVINGS,BR-010,2023-10-30,ACTIVE,INR,1391720.71
ACC-1382,CUST-0297,SAVINGS,BR-016,2015-05-25,ACTIVE,INR,681073.04
ACC-1383,CUST-0298,CURRENT,BR-016,2012-06-23,ACTIVE,INR,9062516.05
ACC-1384,CUST-0299,SAVINGS,BR-010,2018-03-05,ACTIVE,INR,538779.82
ACC-1385,CUST-0300,SAVINGS,BR-012,2020-11-21,ACTIVE,INR,296052.87
ACC-1386,CUST-0301,SAVINGS,BR-010,2024-06-05,ACTIVE,INR,588693.11
ACC-1387,CUST-0301,SAVINGS,BR-010,2024-10-30,ACTIVE,INR,180895.93
ACC-1388,CUST-0302,SAVINGS,BR-013,2015-07-08,ACTIVE,INR,1075565.61
ACC-1389,CUST-0303,SAVINGS,BR-002,2014-10-22,ACTIVE,INR,641336.65
ACC-1390,CUST-0304,CURRENT,BR-013,2024-12-06,ACTIVE,INR,50645509.24
ACC-1391,CUST-0305,SAVINGS,BR-011,2024-07-17,ACTIVE,INR,387404.78
ACC-1392,CUST-0306,SAVINGS,BR-013,2022-09-15,ACTIVE,INR,1132404.25
ACC-1393,CUST-0307,SAVINGS,BR-005,2018-09-26,ACTIVE,INR,644904.87
ACC-1394,CUST-0308,SAVINGS,BR-016,2024-12-03,ACTIVE,INR,790284.76
ACC-1395,CUST-0309,CURRENT,BR-014,2023-10-05,ACTIVE,INR,81291030.16
ACC-1396,CUST-0310,SAVINGS,BR-013,2015-04-27,ACTIVE,INR,314233.32
ACC-1397,CUST-0311,SAVINGS,BR-007,2024-10-24,ACTIVE,INR,27525.63
ACC-1398,CUST-0312,CURRENT,BR-011,2019-03-12,ACTIVE,INR,2027664.69
ACC-1399,CUST-0313,SAVINGS,BR-015,2022-11-07,ACTIVE,INR,3145.95
ACC-1400,CUST-0313,SAVINGS,BR-015,2018-12-03,ACTIVE,INR,637160.52
ACC-1401,CUST-0313,SAVINGS,BR-015,2018-05-02,ACTIVE,INR,470420.15
ACC-1402,CUST-0314,SAVINGS,BR-004,2020-10-05,ACTIVE,INR,955409.24
ACC-1403,CUST-0314,SAVINGS,BR-004,2019-06-07,ACTIVE,INR,974523.8
ACC-1404,CUST-0314,SAVINGS,BR-004,2017-10-19,ACTIVE,INR,622742.9
ACC-1405,CUST-0315,SAVINGS,BR-002,2020-07-27,ACTIVE,INR,856518.21
ACC-1406,CUST-0316,CURRENT,BR-013,2023-03-25,ACTIVE,INR,1784775.48
ACC-1407,CUST-0317,SAVINGS,BR-016,2018-03-09,ACTIVE,INR,528055.39
ACC-1408,CUST-0318,SAVINGS,BR-013,2021-07-25,ACTIVE,INR,1158294.06
ACC-1409,CUST-0318,SAVINGS,BR-013,2023-04-02,ACTIVE,INR,1361817.75
ACC-1410,CUST-0318,SAVINGS,BR-013,2023-09-26,ACTIVE,INR,941245.68
ACC-1411,CUST-0319,SAVINGS,BR-007,2019-08-09,ACTIVE,INR,943633.89
ACC-1412,CUST-0319,SAVINGS,BR-007,2021-08-30,ACTIVE,INR,884376.5
ACC-1413,CUST-0320,CURRENT,BR-001,2020-09-10,ACTIVE,INR,79060394.91
ACC-1414,CUST-0321,CURRENT,BR-001,2020-05-21,ACTIVE,INR,71452.77
ACC-1415,CUST-0322,CURRENT,BR-002,2021-11-07,ACTIVE,INR,250597.48
ACC-1416,CUST-0323,CURRENT,BR-002,2022-02-16,ACTIVE,INR,840650.31
ACC-1417,CUST-0324,SAVINGS,BR-002,2018-08-18,ACTIVE,INR,45135.16
ACC-1418,CUST-0325,SAVINGS,BR-015,2019-04-03,ACTIVE,INR,1296859.1
ACC-1419,CUST-0326,CURRENT,BR-009,2022-05-02,ACTIVE,INR,44139237.94
ACC-1420,CUST-0327,SAVINGS,BR-002,2021-11-30,ACTIVE,INR,872188.12
ACC-1421,CUST-0328,SAVINGS,BR-001,2024-10-03,ACTIVE,INR,585097.83
ACC-1422,CUST-0329,SAVINGS,BR-001,2021-03-04,ACTIVE,INR,29996.63
ACC-1423,CUST-0330,CURRENT,BR-005,2024-12-25,ACTIVE,INR,87922592.09
ACC-1424,CUST-0330,CURRENT,BR-002,2024-12-25,ACTIVE,INR,65670849.59
ACC-1425,CUST-0331,SAVINGS,BR-003,2021-04-12,ACTIVE,INR,1004982.53
ACC-1426,CUST-0332,CURRENT,BR-010,2023-03-01,ACTIVE,INR,309733.36
ACC-1427,CUST-0332,SAVINGS,BR-010,2024-07-30,ACTIVE,INR,588738.26
ACC-1428,CUST-0333,CURRENT,BR-001,2024-07-26,ACTIVE,INR,796305.34
ACC-1429,CUST-0334,CURRENT,BR-010,2017-01-01,ACTIVE,INR,14455176.41
ACC-1430,CUST-0335,SAVINGS,BR-005,2023-09-08,ACTIVE,INR,221270.24
ACC-1431,CUST-0336,SAVINGS,BR-012,2020-09-26,ACTIVE,INR,1672192.31
ACC-1432,CUST-0337,SAVINGS,BR-013,2021-09-18,ACTIVE,INR,1184898.13
ACC-1433,CUST-0338,SAVINGS,BR-007,2022-11-27,ACTIVE,INR,382271.72
ACC-1434,CUST-0339,SAVINGS,BR-003,2022-03-12,ACTIVE,INR,798052.66
ACC-1435,CUST-0340,SAVINGS,BR-005,2024-04-27,ACTIVE,INR,225748.94
ACC-1436,CUST-0341,SAVINGS,BR-011,2021-07-25,ACTIVE,INR,389242.91
ACC-1437,CUST-0342,SAVINGS,BR-003,2022-08-14,ACTIVE,INR,1088848.15
ACC-1438,CUST-0343,SAVINGS,BR-011,2022-05-06,ACTIVE,INR,1256338.76
ACC-1439,CUST-0344,SAVINGS,BR-004,2017-05-08,ACTIVE,INR,438260.73
ACC-1440,CUST-0345,SAVINGS,BR-014,2022-02-15,ACTIVE,INR,804143.33
ACC-1441,CUST-0346,SAVINGS,BR-015,2017-10-26,ACTIVE,INR,1570727.32
ACC-1442,CUST-0346,SAVINGS,BR-015,2021-08-11,ACTIVE,INR,1631726.89
ACC-1443,CUST-0347,SAVINGS,BR-015,2019-11-01,ACTIVE,INR,912269.52
ACC-1444,CUST-0348,SAVINGS,BR-005,2015-08-09,ACTIVE,INR,193719.55
ACC-1445,CUST-0348,CURRENT,BR-005,2024-10-16,ACTIVE,INR,134120.75
ACC-1446,CUST-0349,SAVINGS,BR-013,2025-05-23,ACTIVE,INR,1001881.2
ACC-1447,CUST-0350,SAVINGS,BR-016,2022-03-11,ACTIVE,INR,380430.42
ACC-1448,CUST-0351,CURRENT,BR-011,2024-09-28,ACTIVE,INR,1180227.01
ACC-1449,CUST-0352,SAVINGS,BR-009,2024-02-04,ACTIVE,INR,663508.6
ACC-1450,CUST-0353,CURRENT,BR-015,2023-09-05,ACTIVE,INR,122730.33
ACC-1451,CUST-0354,CURRENT,BR-005,2022-01-28,DORMANT,INR,361540.51
ACC-1452,CUST-0355,SAVINGS,BR-006,2017-04-18,ACTIVE,INR,502111.88
ACC-1453,CUST-0356,SAVINGS,BR-016,2020-06-19,ACTIVE,INR,851337.91
ACC-1454,CUST-0357,SAVINGS,BR-010,2024-12-08,ACTIVE,INR,259155.97
ACC-1455,CUST-0358,SAVINGS,BR-012,2018-10-09,ACTIVE,INR,266420.4
ACC-1456,CUST-0358,CURRENT,BR-012,2017-09-22,ACTIVE,INR,286348.6
ACC-1457,CUST-0358,SAVINGS,BR-012,2022-03-24,ACTIVE,INR,259716.01
ACC-1458,CUST-0359,SAVINGS,BR-006,2022-01-01,ACTIVE,INR,289330.21
ACC-1459,CUST-0360,SAVINGS,BR-003,2015-12-11,ACTIVE,INR,333711.34
ACC-1460,CUST-0361,SAVINGS,BR-010,2015-08-25,ACTIVE,INR,684809.75
ACC-1461,CUST-0362,SAVINGS,BR-006,2024-02-15,ACTIVE,INR,645412.4
ACC-1462,CUST-0363,SAVINGS,BR-004,2013-12-18,ACTIVE,INR,802046.45
ACC-1463,CUST-0364,SAVINGS,BR-016,2022-10-24,ACTIVE,INR,1122283.03
ACC-1464,CUST-0364,SAVINGS,BR-016,2024-03-20,ACTIVE,INR,901850.71
ACC-1465,CUST-0365,SAVINGS,BR-003,2012-11-18,ACTIVE,INR,180284.08
ACC-1466,CUST-0366,CURRENT,BR-003,2022-03-13,ACTIVE,INR,753390.41
ACC-1467,CUST-0367,SAVINGS,BR-002,2015-05-05,DORMANT,INR,84015.82
ACC-1468,CUST-0368,SAVINGS,BR-002,2020-11-16,ACTIVE,INR,285661.13
ACC-1469,CUST-0369,CURRENT,BR-008,2024-03-29,ACTIVE,INR,62943620.61
ACC-1470,CUST-0370,SAVINGS,BR-003,2025-01-19,ACTIVE,INR,308271.87
ACC-1471,CUST-0371,CURRENT,BR-016,2022-09-04,ACTIVE,INR,11626153.75
ACC-1472,CUST-0371,CURRENT,BR-016,2022-09-04,ACTIVE,INR,14400080.08
ACC-1473,CUST-0372,SAVINGS,BR-002,2017-04-14,ACTIVE,INR,449765.39
ACC-1474,CUST-0372,SAVINGS,BR-002,2023-08-22,ACTIVE,INR,443354.74
ACC-1475,CUST-0373,CURRENT,BR-008,2022-08-22,ACTIVE,INR,72675055.55
ACC-1476,CUST-0373,CURRENT,BR-008,2024-10-31,ACTIVE,INR,86874666.0
ACC-1477,CUST-0374,SAVINGS,BR-007,2020-10-27,ACTIVE,INR,1034141.89
ACC-1478,CUST-0374,SAVINGS,BR-009,2024-12-16,ACTIVE,INR,244740.1
ACC-1479,CUST-0374,SAVINGS,BR-013,2015-11-24,ACTIVE,INR,800343.37
ACC-1480,CUST-0375,SAVINGS,BR-011,2021-04-02,ACTIVE,INR,1162351.51
ACC-1481,CUST-0376,SAVINGS,BR-014,2024-12-09,ACTIVE,INR,14672634.68
ACC-1482,CUST-0377,SAVINGS,BR-015,2017-11-01,ACTIVE,INR,621243.63
ACC-1483,CUST-0377,SAVINGS,BR-015,2019-03-26,ACTIVE,INR,599318.15
ACC-1484,CUST-0378,SAVINGS,BR-007,2025-04-22,DORMANT,INR,176794.62
ACC-1485,CUST-0379,SAVINGS,BR-016,2017-05-24,ACTIVE,INR,526060.69
ACC-1486,CUST-0380,SAVINGS,BR-010,2025-02-02,ACTIVE,INR,1151997.07
ACC-1487,CUST-0381,SAVINGS,BR-015,2018-01-19,ACTIVE,INR,529056.13
ACC-1488,CUST-0382,SAVINGS,BR-012,2024-07-13,ACTIVE,INR,219797.62
ACC-1489,CUST-0383,SAVINGS,BR-016,2021-06-26,ACTIVE,INR,2341709.84
ACC-1490,CUST-0383,SAVINGS,BR-016,2024-12-29,ACTIVE,INR,1959709.13
ACC-1491,CUST-0384,CURRENT,BR-004,2025-05-13,ACTIVE,INR,108341744.76
ACC-1492,CUST-0384,CURRENT,BR-004,2015-03-07,ACTIVE,INR,121299170.62
ACC-1493,CUST-0385,CURRENT,BR-010,2023-01-31,ACTIVE,INR,586451.16
ACC-1494,CUST-0386,CURRENT,BR-016,2023-08-27,ACTIVE,INR,381822.28
ACC-1495,CUST-0386,SAVINGS,BR-016,2023-08-27,ACTIVE,INR,348897.84
ACC-1496,CUST-0387,SAVINGS,BR-015,2021-06-01,ACTIVE,INR,216627.75
ACC-1497,CUST-0388,SAVINGS,BR-006,2019-02-06,ACTIVE,INR,1171255.4
ACC-1498,CUST-0389,CURRENT,BR-002,2021-01-27,ACTIVE,INR,56629421.82
ACC-1499,CUST-0390,CURRENT,BR-011,2025-06-16,ACTIVE,INR,1208237.97
ACC-1500,CUST-0390,SAVINGS,BR-011,2021-11-30,ACTIVE,INR,1225855.16
ACC-1501,CUST-0390,CURRENT,BR-011,2021-11-30,ACTIVE,INR,1289579.72
ACC-1502,CUST-0391,SAVINGS,BR-010,2016-11-06,ACTIVE,INR,143284.18
ACC-1503,CUST-0392,SAVINGS,BR-003,2020-11-30,ACTIVE,INR,199620.96
ACC-1504,CUST-0392,SAVINGS,BR-003,2020-11-30,ACTIVE,INR,802445.69
ACC-1505,CUST-0393,SAVINGS,BR-012,2024-05-14,ACTIVE,INR,510313.56
ACC-1506,CUST-0394,SAVINGS,BR-003,2021-10-12,ACTIVE,INR,683828.42
ACC-1507,CUST-0395,SAVINGS,BR-010,2015-11-17,ACTIVE,INR,1057839.61
ACC-1508,CUST-0396,SAVINGS,BR-008,2024-09-07,ACTIVE,INR,421772.37
ACC-1509,CUST-0397,SAVINGS,BR-001,2015-09-19,ACTIVE,INR,1188047.38
ACC-1510,CUST-0398,CURRENT,BR-003,2022-01-02,ACTIVE,INR,1201627.41
ACC-1511,CUST-0398,SAVINGS,BR-003,2019-02-24,ACTIVE,INR,1453016.96
ACC-1512,CUST-0399,SAVINGS,BR-010,2024-09-20,ACTIVE,INR,505831.98
ACC-1513,CUST-0400,CURRENT,BR-001,2022-01-29,ACTIVE,INR,363027.63
ACC-1514,CUST-0401,SAVINGS,BR-008,2025-02-28,ACTIVE,INR,829743.52
ACC-1515,CUST-0402,SAVINGS,BR-002,2023-11-24,ACTIVE,INR,368872.92
ACC-1516,CUST-0403,CURRENT,BR-006,2016-01-13,ACTIVE,INR,74094594.55
ACC-1517,CUST-0404,SAVINGS,BR-004,2017-07-02,ACTIVE,INR,159120.36
ACC-1518,CUST-0404,SAVINGS,BR-004,2020-05-05,ACTIVE,INR,16509.82
ACC-1519,CUST-0405,SAVINGS,BR-011,2012-11-28,ACTIVE,INR,127983.48
ACC-1520,CUST-0406,SAVINGS,BR-010,2020-03-29,ACTIVE,INR,264687.2
ACC-1521,CUST-0407,CURRENT,BR-015,2020-08-24,ACTIVE,INR,7809008.94
ACC-1522,CUST-0407,CURRENT,BR-015,2016-10-04,ACTIVE,INR,13999483.94
ACC-1523,CUST-0408,SAVINGS,BR-016,2021-01-26,ACTIVE,INR,442144.43
ACC-1524,CUST-0409,SAVINGS,BR-016,2021-10-05,ACTIVE,INR,557945.65
ACC-1525,CUST-0410,SAVINGS,BR-016,2024-02-15,ACTIVE,INR,249497.1
ACC-1526,CUST-0411,CURRENT,BR-014,2023-01-09,ACTIVE,INR,89919440.87
ACC-1527,CUST-0412,CURRENT,BR-016,2020-10-11,ACTIVE,INR,10849122.31
ACC-1528,CUST-0413,SAVINGS,BR-001,2021-08-08,ACTIVE,INR,829431.58
ACC-1529,CUST-0414,CURRENT,BR-015,2024-01-28,ACTIVE,INR,67006.06
ACC-1530,CUST-0415,CURRENT,BR-002,2023-12-19,ACTIVE,INR,51404177.14
ACC-1531,CUST-0416,CURRENT,BR-011,2018-06-12,ACTIVE,INR,47352013.93
ACC-1532,CUST-0416,CURRENT,BR-011,2018-06-12,ACTIVE,INR,34587425.69
ACC-1533,CUST-0417,CURRENT,BR-003,2019-10-16,ACTIVE,INR,54908783.08
ACC-1534,CUST-0417,CURRENT,BR-003,2019-10-16,ACTIVE,INR,55167463.47
ACC-1535,CUST-0418,SAVINGS,BR-011,2023-07-30,ACTIVE,INR,1189263.76
ACC-1536,CUST-0419,SAVINGS,BR-014,2015-05-17,ACTIVE,INR,6432691.73
ACC-1537,CUST-0420,CURRENT,BR-009,2017-01-09,ACTIVE,INR,424932.5
ACC-1538,CUST-0420,SAVINGS,BR-009,2015-05-13,ACTIVE,INR,53738.65
ACC-1539,CUST-0421,CURRENT,BR-014,2024-05-08,ACTIVE,INR,130441444.41
ACC-1540,CUST-0421,CURRENT,BR-014,2024-05-08,ACTIVE,INR,130560553.33
ACC-1541,CUST-0421,CURRENT,BR-014,2024-05-08,ACTIVE,INR,122281369.62
ACC-1542,CUST-0422,SAVINGS,BR-011,2024-10-21,ACTIVE,INR,397223.19
ACC-1543,CUST-0422,SAVINGS,BR-011,2024-10-21,ACTIVE,INR,487371.23
ACC-1544,CUST-0423,SAVINGS,BR-011,2020-07-06,ACTIVE,INR,1018358.59
ACC-1545,CUST-0424,SAVINGS,BR-012,2022-05-02,ACTIVE,INR,348994.24
ACC-1546,CUST-0425,SAVINGS,BR-008,2025-02-06,ACTIVE,INR,161051.87
ACC-1547,CUST-0426,CURRENT,BR-014,2023-01-10,ACTIVE,INR,116136791.42
ACC-1548,CUST-0426,CURRENT,BR-008,2023-09-14,ACTIVE,INR,108336090.73
ACC-1549,CUST-0427,SAVINGS,BR-009,2018-04-17,ACTIVE,INR,545094.63
ACC-1550,CUST-0428,SAVINGS,BR-013,2017-12-01,ACTIVE,INR,50598.84
ACC-1551,CUST-0429,SAVINGS,BR-006,2020-06-18,ACTIVE,INR,733472.77
ACC-1552,CUST-0429,SAVINGS,BR-006,2020-06-18,ACTIVE,INR,45304.23
ACC-1553,CUST-0430,SAVINGS,BR-009,2020-04-02,ACTIVE,INR,519415.81
ACC-1554,CUST-0431,SAVINGS,BR-008,2025-06-16,ACTIVE,INR,463305.37
ACC-1555,CUST-0432,SAVINGS,BR-005,2023-11-01,ACTIVE,INR,346170.71
ACC-1556,CUST-0433,SAVINGS,BR-015,2019-12-12,ACTIVE,INR,853526.82
ACC-1557,CUST-0434,SAVINGS,BR-010,2023-04-19,ACTIVE,INR,827978.17
ACC-1558,CUST-0434,SAVINGS,BR-010,2023-07-08,ACTIVE,INR,701479.82
ACC-1559,CUST-0435,SAVINGS,BR-014,2021-06-27,ACTIVE,INR,1502570.64
ACC-1560,CUST-0436,SAVINGS,BR-011,2017-02-26,ACTIVE,INR,1384301.05
ACC-1561,CUST-0437,CURRENT,BR-004,2015-04-27,ACTIVE,INR,118174717.09
ACC-1562,CUST-0438,CURRENT,BR-009,2017-07-09,ACTIVE,INR,318580.06
ACC-1563,CUST-0439,SAVINGS,BR-013,2018-01-15,ACTIVE,INR,2547.51
ACC-1564,CUST-0440,SAVINGS,BR-005,2024-04-09,ACTIVE,INR,1716980.47
ACC-1565,CUST-0440,SAVINGS,BR-005,2024-04-09,ACTIVE,INR,1807911.78
ACC-1566,CUST-0441,SAVINGS,BR-001,2023-01-04,ACTIVE,INR,1675544.81
ACC-1567,CUST-0442,SAVINGS,BR-012,2021-06-23,ACTIVE,INR,1440992.57
ACC-1568,CUST-0443,SAVINGS,BR-011,2023-08-19,ACTIVE,INR,2800.56
ACC-1569,CUST-0444,SAVINGS,BR-008,2021-04-06,ACTIVE,INR,414550.65
ACC-1570,CUST-0445,SAVINGS,BR-001,2018-09-04,ACTIVE,INR,45901.09
ACC-1571,CUST-0446,SAVINGS,BR-006,2021-01-27,ACTIVE,INR,390080.9
ACC-1572,CUST-0447,SAVINGS,BR-016,2018-01-06,ACTIVE,INR,22090.12
ACC-1573,CUST-0448,SAVINGS,BR-005,2018-06-17,ACTIVE,INR,414225.6
ACC-1574,CUST-0449,SAVINGS,BR-016,2016-02-25,ACTIVE,INR,1148087.78
ACC-1575,CUST-0450,SAVINGS,BR-016,2021-06-19,ACTIVE,INR,770583.12
ACC-1576,CUST-0451,SAVINGS,BR-012,2023-05-21,ACTIVE,INR,121891.5
ACC-1577,CUST-0451,SAVINGS,BR-012,2023-05-21,ACTIVE,INR,189400.04
ACC-1578,CUST-0452,SAVINGS,BR-013,2019-06-29,ACTIVE,INR,272139.04
ACC-1579,CUST-0453,CURRENT,BR-004,2020-01-03,ACTIVE,INR,242058.1
ACC-1580,CUST-0454,CURRENT,BR-008,2022-08-17,ACTIVE,INR,1143661.88
ACC-1581,CUST-0455,SAVINGS,BR-004,2015-09-30,ACTIVE,INR,11766360.03
ACC-1582,CUST-0456,SAVINGS,BR-016,2021-04-28,ACTIVE,INR,933900.82
ACC-1583,CUST-0457,SAVINGS,BR-009,2015-04-15,ACTIVE,INR,103792.63
ACC-1584,CUST-0457,SAVINGS,BR-009,2019-07-12,ACTIVE,INR,183183.35
ACC-1585,CUST-0458,SAVINGS,BR-009,2022-11-29,ACTIVE,INR,1195457.7
ACC-1586,CUST-0459,SAVINGS,BR-010,2023-11-02,ACTIVE,INR,199390.89
ACC-1587,CUST-0460,CURRENT,BR-015,2025-05-12,ACTIVE,INR,507024.38
ACC-1588,CUST-0461,SAVINGS,BR-010,2021-06-25,ACTIVE,INR,744085.48
ACC-1589,CUST-0462,CURRENT,BR-012,2017-04-18,ACTIVE,INR,56993325.6
ACC-1590,CUST-0463,SAVINGS,BR-005,2022-03-10,ACTIVE,INR,1287119.93
ACC-1591,CUST-0464,CURRENT,BR-014,2023-08-22,ACTIVE,INR,10533546.66
ACC-1592,CUST-0465,SAVINGS,BR-014,2022-03-19,ACTIVE,INR,233672.44
ACC-1593,CUST-0466,CURRENT,BR-015,2023-10-26,ACTIVE,INR,26606573.09
ACC-1594,CUST-0467,CURRENT,BR-002,2019-06-06,ACTIVE,INR,934109.46
ACC-1595,CUST-0468,SAVINGS,BR-010,2022-01-26,ACTIVE,INR,1733355.1
ACC-1596,CUST-0469,SAVINGS,BR-011,2018-12-05,ACTIVE,INR,430174.74
ACC-1597,CUST-0470,SAVINGS,BR-012,2018-06-20,ACTIVE,INR,220781.66
ACC-1598,CUST-0471,SAVINGS,BR-005,2022-06-17,ACTIVE,INR,321719.89
ACC-1599,CUST-0472,CURRENT,BR-006,2018-07-01,ACTIVE,INR,78316173.18
ACC-1600,CUST-0473,SAVINGS,BR-008,2021-02-16,ACTIVE,INR,617905.17
ACC-1601,CUST-0474,SAVINGS,BR-004,2023-03-23,ACTIVE,INR,818364.83
ACC-1602,CUST-0475,SAVINGS,BR-015,2025-05-29,ACTIVE,INR,2397917.27
ACC-1603,CUST-0476,SAVINGS,BR-002,2024-06-24,ACTIVE,INR,447591.27
ACC-1604,CUST-0477,SAVINGS,BR-009,2023-04-05,ACTIVE,INR,424367.94
ACC-1605,CUST-0478,SAVINGS,BR-001,2013-12-05,ACTIVE,INR,113781.62
ACC-1606,CUST-0479,CURRENT,BR-013,2021-12-20,ACTIVE,INR,11870054.45
ACC-1607,CUST-0480,CURRENT,BR-007,2018-04-18,ACTIVE,INR,1159.48
ACC-1608,CUST-0481,SAVINGS,BR-009,2020-08-30,ACTIVE,INR,314548.16
ACC-1609,CUST-0482,CURRENT,BR-004,2022-03-07,ACTIVE,INR,96816455.95
ACC-1610,CUST-0483,SAVINGS,BR-009,2021-10-10,ACTIVE,INR,995251.26
ACC-1611,CUST-0483,SAVINGS,BR-009,2024-12-19,ACTIVE,INR,718584.67
ACC-1612,CUST-0484,SAVINGS,BR-003,2021-05-03,ACTIVE,INR,547183.13
ACC-1613,CUST-0485,CURRENT,BR-001,2019-06-25,ACTIVE,INR,59100860.3
ACC-1614,CUST-0486,CURRENT,BR-004,2016-02-11,ACTIVE,INR,905247.91
ACC-1615,CUST-0487,CURRENT,BR-002,2022-05-30,ACTIVE,INR,235676.39
ACC-1616,CUST-0488,SAVINGS,BR-007,2023-05-31,ACTIVE,INR,405734.8
ACC-1617,CUST-0489,SAVINGS,BR-002,2021-03-14,ACTIVE,INR,548224.44
ACC-1618,CUST-0490,CURRENT,BR-002,2022-06-25,ACTIVE,INR,590235.44
ACC-1619,CUST-0491,SAVINGS,BR-008,2025-01-06,ACTIVE,INR,695040.27
ACC-1620,CUST-0492,SAVINGS,BR-001,2025-02-18,ACTIVE,INR,1730699.46
ACC-1621,CUST-0493,CURRENT,BR-008,2020-10-21,ACTIVE,INR,31761303.63
ACC-1622,CUST-0493,CURRENT,BR-008,2017-11-14,ACTIVE,INR,31264350.18
ACC-1623,CUST-0494,CURRENT,BR-007,2023-08-14,ACTIVE,INR,11356181.13
ACC-1624,CUST-0495,SAVINGS,BR-012,2019-05-08,ACTIVE,INR,2359743.55
ACC-1625,CUST-0496,CURRENT,BR-016,2023-06-03,ACTIVE,INR,121280939.69
ACC-1626,CUST-0497,SAVINGS,BR-016,2016-07-20,ACTIVE,INR,1110542.77
ACC-1627,CUST-0498,SAVINGS,BR-006,2023-08-21,ACTIVE,INR,1173998.56
ACC-1628,CUST-0499,SAVINGS,BR-014,2023-02-09,ACTIVE,INR,508930.6
ACC-1629,CUST-0500,CURRENT,BR-004,2018-02-26,ACTIVE,INR,2136647.97
ACC-1042,CUST-0001,CURRENT,BR-002,2019-08-14,ACTIVE,INR,1687070.25
