ARTICLE_ID,PUBLISHED_DATE,SOURCE,HEADLINE,BODY,MENTIONED_NAME,SENTIMENT_HINT
ART-0001,2025-12-22,Deccan Business Post,Rajesh Bhandari linked to shell companies in offshore leak,Rajesh Bhandari linked to shell companies in offshore leak. Documents show directorships in entities registered in tax havens.,Rajesh Bhandari,NEGATIVE
ART-0002,2026-07-19,Global Compliance Wire,"Tax raids at premises connected to Arjun Naidu; unexplained cash and jewellery seized, sources say","Tax raids at premises connected to Arjun Naidu; unexplained cash and jewellery seized, sources say.",Arjun Naidu,NEGATIVE
ART-0003,2025-06-03,Global Compliance Wire,Infrastructure tender irregularities: opposition alleges Anil Choudhary favoured contractors who later paid advisory fees,Infrastructure tender irregularities: opposition alleges Anil Choudhary favoured contractors who later paid advisory fees.,Anil Choudhary,NEGATIVE
ART-0004,2026-09-12,The Economic Ledger,Police bust cyber-fraud mule network; accounts linked to Rajesh Bhandari under scanner,Police bust cyber-fraud mule network; accounts linked to Rajesh Bhandari under scanner. Investigators say funds from victims were layered through several accounts before being wired abroad.,Rajesh Bhandari,NEGATIVE
ART-0005,2026-03-25,Bharat Times,Red Sea Logistic FZE linked to shell companies in offshore leak,Red Sea Logistic FZE linked to shell companies in offshore leak. Documents show directorships in entities registered in tax havens.,Red Sea Logistic FZE,NEGATIVE
ART-0006,2025-07-26,Financial Chronicle India,Aishwarya Deshpande linked to shell companies in offshore leak,Aishwarya Deshpande linked to shell companies in offshore leak. Documents show directorships in entities registered in tax havens.,Aishwarya Deshpande,NEGATIVE
ART-0007,2026-03-27,Financial Chronicle India,Srinivas Reddy linked to shell companies in offshore leak,Srinivas Reddy linked to shell companies in offshore leak. Documents show directorships in entities registered in tax havens.,Srinivas Reddy,NEGATIVE
ART-0008,2025-11-07,Mumbai Mirror Daily,GST intelligence unearths fake invoice racket; Joseph Kumar among those named,GST intelligence unearths fake invoice racket; Joseph Kumar among those named. The Bengaluru firm allegedly issued bogus invoices worth crores.,Joseph Kumar,NEGATIVE
ART-0009,2025-08-19,Global Compliance Wire,Galaxy Agencies linked to shell companies in offshore leak,Galaxy Agencies linked to shell companies in offshore leak. Documents show directorships in entities registered in tax havens.,Galaxy Agencies,NEGATIVE
ART-0010,2026-04-09,The Economic Ledger,"Tax raids at premises connected to Hossein Rezai; unexplained cash and jewellery seized, sources say","Tax raids at premises connected to Hossein Rezai; unexplained cash and jewellery seized, sources say.",Hossein Rezai,NEGATIVE
ART-0011,2025-08-06,The Economic Ledger,GST intelligence unearths fake invoice racket; Divya Nair among those named,GST intelligence unearths fake invoice racket; Divya Nair among those named. The Kochi firm allegedly issued bogus invoices worth crores.,Divya Nair,NEGATIVE
ART-0012,2026-09-10,Global Compliance Wire,Nikhil Patel questioned by Enforcement Directorate in hawala probe,Nikhil Patel questioned by Enforcement Directorate in hawala probe. Officials said the Bengaluru-based homemaker is suspected of routing unaccounted cash through multiple bank accounts.,Nikhil Patel,NEGATIVE
ART-0013,2025-11-21,The Economic Ledger,Tarun Gupta linked to shell companies in offshore leak,Tarun Gupta linked to shell companies in offshore leak. Documents show directorships in entities registered in tax havens.,Tarun Gupta,NEGATIVE
ART-0014,2026-02-22,Bharat Times,"Tax raids at premises connected to Vertex Logistics; unexplained cash and jewellery seized, sources say","Tax raids at premises connected to Vertex Logistics; unexplained cash and jewellery seized, sources say.",Vertex Logistics,NEGATIVE
ART-0015,2026-06-09,Global Compliance Wire,"Tax raids at premises connected to Fatima Agarwal; unexplained cash and jewellery seized, sources say","Tax raids at premises connected to Fatima Agarwal; unexplained cash and jewellery seized, sources say.",Fatima Agarwal,NEGATIVE
ART-0016,2025-07-20,Bharat Times,Global Fintech Pvt Ltd wins state award for small business excellence in Pune,Global Fintech Pvt Ltd wins state award for small business excellence in Pune.,Global Fintech Pvt Ltd,POSITIVE
ART-0017,2026-03-09,Global Compliance Wire,Local entrepreneur Lakshmi Kulkarni donates to flood relief efforts,Local entrepreneur Lakshmi Kulkarni donates to flood relief efforts.,Lakshmi Kulkarni,POSITIVE
ART-0018,2025-09-03,Bharat Times,Local entrepreneur Nandini Chatterjee donates to flood relief efforts,Local entrepreneur Nandini Chatterjee donates to flood relief efforts.,Nandini Chatterjee,POSITIVE
ART-0019,2025-08-22,Global Compliance Wire,Lakshmi Chatterjee expands operations with new showroom in Guwahati; plans to hire 50 staff,Lakshmi Chatterjee expands operations with new showroom in Guwahati; plans to hire 50 staff.,Lakshmi Chatterjee,POSITIVE
ART-0020,2025-12-03,Global Compliance Wire,Ritu Kapoor expands operations with new showroom in Guwahati; plans to hire 50 staff,Ritu Kapoor expands operations with new showroom in Guwahati; plans to hire 50 staff.,Ritu Kapoor,POSITIVE
ART-0021,2026-08-20,Mumbai Mirror Daily,Venkat Chopra wins state award for small business excellence in Guwahati,Venkat Chopra wins state award for small business excellence in Guwahati.,Venkat Chopra,POSITIVE
ART-0022,2026-03-12,Deccan Business Post,Royal Overseas wins state award for small business excellence in Kochi,Royal Overseas wins state award for small business excellence in Kochi.,Royal Overseas,POSITIVE
ART-0023,2025-12-26,Bharat Times,Rekha Malhotra wins state award for small business excellence in Amritsar,Rekha Malhotra wins state award for small business excellence in Amritsar.,Rekha Malhotra,POSITIVE
ART-0024,2026-09-01,The Economic Ledger,Local entrepreneur Shree Exports donates to flood relief efforts,Local entrepreneur Shree Exports donates to flood relief efforts.,Shree Exports,POSITIVE
ART-0025,2026-02-01,Financial Chronicle India,Global Jewellers expands operations with new showroom in Bengaluru; plans to hire 50 staff,Global Jewellers expands operations with new showroom in Bengaluru; plans to hire 50 staff.,Global Jewellers,POSITIVE
ART-0026,2026-09-07,Global Compliance Wire,Authorities add Viktor Petrov to sanctions list,Viktor Petrov (also known as Viktor Petrof; V. Petrov) was designated under program SYN-RUSSIA-EO for alleged involvement in sanctions evasion and illicit finance.,Viktor Petrov,NEGATIVE
ART-0027,2026-07-17,Global Compliance Wire,Authorities add Abdul Rahman Al-Khatib to sanctions list,Abdul Rahman Al-Khatib (also known as Abdulrahman Khatib; A.R. Al Khatib) was designated under program SYN-SYRIA for alleged involvement in sanctions evasion and illicit finance.,Abdul Rahman Al-Khatib,NEGATIVE
ART-0028,2026-05-05,Global Compliance Wire,Authorities add Kim Jong Chol to sanctions list,Kim Jong Chol (also known as Kim Jong-chol; J.C. Kim) was designated under program SYN-DPRK for alleged involvement in sanctions evasion and illicit finance.,Kim Jong Chol,NEGATIVE
ART-0029,2025-11-07,Global Compliance Wire,Authorities add Hossein Rezaei to sanctions list,Hossein Rezaei (also known as Hosein Rezai; H. Rezaei) was designated under program SYN-IRAN for alleged involvement in sanctions evasion and illicit finance.,Hossein Rezaei,NEGATIVE
ART-0030,2026-04-16,Global Compliance Wire,Authorities add Mohammed Farouk Haddad to sanctions list,Mohammed Farouk Haddad (also known as Mohamed Farouk Hadad) was designated under program SYN-SDGT for alleged involvement in sanctions evasion and illicit finance.,Mohammed Farouk Haddad,NEGATIVE
ART-0031,2026-05-12,Global Compliance Wire,Authorities add Dmitri Sokolov to sanctions list,Dmitri Sokolov (also known as Dmitry Sokolov; D. Sokolow) was designated under program SYN-RUSSIA-EO for alleged involvement in sanctions evasion and illicit finance.,Dmitri Sokolov,NEGATIVE
ART-0032,2026-05-01,Global Compliance Wire,Authorities add Aung Min Thein to sanctions list,Aung Min Thein (also known as Aung Min Thien) was designated under program SYN-BURMA for alleged involvement in sanctions evasion and illicit finance.,Aung Min Thein,NEGATIVE
ART-0033,2025-11-29,Global Compliance Wire,Authorities add Rakesh Bhandari to sanctions list,Rakesh Bhandari (also known as Rakesh Bhandary; R.K. Bhandari) was designated under program SYN-NARCOTICS for alleged involvement in sanctions evasion and illicit finance.,Rakesh Bhandari,NEGATIVE
ART-0034,2026-09-01,Global Compliance Wire,Authorities add Golden Crescent General Trading LLC to sanctions list,Golden Crescent General Trading LLC (also known as Golden Crescent Trading) was designated under program SYN-IRAN for alleged involvement in sanctions evasion and illicit finance.,Golden Crescent General Trading LLC,NEGATIVE
ART-0035,2025-05-14,Global Compliance Wire,Authorities add Northstar Maritime Holdings to sanctions list,Northstar Maritime Holdings (also known as North Star Maritime) was designated under program SYN-DPRK for alleged involvement in sanctions evasion and illicit finance.,Northstar Maritime Holdings,NEGATIVE
ART-0036,2026-04-04,Global Compliance Wire,Authorities add Levant Petro Services to sanctions list,Levant Petro Services (also known as Levant Petroleum Services) was designated under program SYN-SYRIA for alleged involvement in sanctions evasion and illicit finance.,Levant Petro Services,NEGATIVE
ART-0037,2026-04-08,Global Compliance Wire,Authorities add Baltic Amber Resources Ltd to sanctions list,Baltic Amber Resources Ltd (also known as Baltic Amber Resources) was designated under program SYN-RUSSIA-EO for alleged involvement in sanctions evasion and illicit finance.,Baltic Amber Resources Ltd,NEGATIVE
