COUNTRY_CODE,COUNTRY_NAME,RISK_LEVEL,FATF_STATUS
IN,India,LOW,MEMBER
US,United States,LOW,MEMBER
GB,United Kingdom,LOW,MEMBER
SG,Singapore,LOW,MEMBER
AE,United Arab Emirates,MEDIUM,MEMBER
HK,Hong Kong,MEDIUM,MEMBER
DE,Germany,LOW,MEMBER
AU,Australia,LOW,MEMBER
CA,Canada,LOW,MEMBER
KP,North Korea,HIGH,CALL_FOR_ACTION
IR,Iran,HIGH,CALL_FOR_ACTION
MM,Myanmar,HIGH,CALL_FOR_ACTION
SY,Syria,HIGH,INCREASED_MONITORING
YE,Yemen,HIGH,INCREASED_MONITORING
PA,Panama,HIGH,INCREASED_MONITORING
VG,British Virgin Islands,HIGH,TAX_HAVEN
KY,Cayman Islands,HIGH,TAX_HAVEN
SC,Seychelles,HIGH,TAX_HAVEN
NG,Nigeria,HIGH,INCREASED_MONITORING
ZA,South Africa,MEDIUM,INCREASED_MONITORING
