CUSTOMER_ID,FULL_NAME,CUSTOMER_TYPE,DATE_OF_BIRTH,GENDER,NATIONALITY,COUNTRY_OF_RESIDENCE,CITY,STATE,REGION,HOME_BRANCH_ID,OCCUPATION,DECLARED_ANNUAL_INCOME,KYC_RISK_TIER,PEP_FLAG,PAN_NUMBER,PHONE,EMAIL,ONBOARDING_DATE,KYC_LAST_REVIEWED
CUST-0001,Rajesh Bhandari,INDIVIDUAL,1961-02-13,M,IN,IN,Mumbai,Maharashtra,WEST,BR-002,Shop Owner,1200000,MEDIUM,False,HHEPX1679V,+91-6734036506,rajesh.bhandari55@example.in,2012-09-17,2023-03-03
CUST-0002,Viktor Petrovv,INDIVIDUAL,1970-06-08,M,RU,IN,Mumbai,Maharashtra,WEST,BR-001,Self-Employed Consultant,1617000,HIGH,False,RGWPU8928N,+91-7582334538,viktor.petrovv76@example.in,2018-03-28,2023-01-14
CUST-0003,Hossein Rezai,INDIVIDUAL,1975-04-06,M,IR,IN,Amritsar,Punjab,NORTH,BR-009,Self-Employed Consultant,2472000,HIGH,False,EGYPK1674C,+91-9203848421,hossein.rezai46@example.in,2019-09-18,2026-05-21
CUST-0004,Dmitry Sokolov,INDIVIDUAL,1992-09-24,F,RU,IN,Kolkata,West Bengal,EAST,BR-015,Self-Employed Consultant,882000,MEDIUM,False,RDMPC9044J,+91-8719927151,dmitry.sokolov25@example.in,2013-07-23,2023-04-04
CUST-0005,Salim Yusuf Merchant,INDIVIDUAL,1963-07-31,M,IN,IN,Jaipur,Rajasthan,NORTH,BR-008,Self-Employed Consultant,1913000,MEDIUM,False,DMIPO5977F,+91-8481469012,salim.yusuf.merchant27@example.in,2017-12-27,2023-05-27
CUST-0006,Chen Wei Guo,INDIVIDUAL,1992-09-15,M,HK,IN,Jaipur,Rajasthan,NORTH,BR-008,Self-Employed Consultant,2940000,MEDIUM,False,FOMPI9125H,+91-8924970419,chen.wei.guo8@example.in,2017-02-19,2023-03-07
CUST-0007,Red Sea Logistic FZE,ENTITY,1997-01-04,,AE,AE,Pune,Maharashtra,WEST,BR-003,Logistics,132686853,HIGH,False,GSWCK3483U,+91-9524806516,red.sea.logistic.fze83@example.in,2022-04-16,2023-10-20
CUST-0008,Anil Choudhary,INDIVIDUAL,1971-01-23,F,IN,IN,Amritsar,Punjab,NORTH,BR-009,Salaried - Government,692000,HIGH,True,XSNPS6543L,+91-7248532577,anil.choudhary66@example.in,2023-01-25,2023-07-06
CUST-0009,Sunita Malhotra,INDIVIDUAL,1966-11-09,M,IN,IN,New Delhi,Delhi,NORTH,BR-006,Salaried - Government,629000,HIGH,True,ZVNPT1040M,+91-9739830322,sunita.malhotra60@example.in,2023-11-13,2024-05-29
CUST-0010,Venkat Naidu,INDIVIDUAL,1990-07-31,M,IN,IN,Amritsar,Punjab,NORTH,BR-009,Salaried - Government,640000,HIGH,True,YUKPD4808N,+91-7587182120,venkat.naidu1@example.in,2017-11-27,2025-10-22
CUST-0011,Naveen Menon,INDIVIDUAL,1987-04-26,M,IN,IN,New Delhi,Delhi,NORTH,BR-007,Homemaker,133000,LOW,False,YFRPY8689A,+91-8624636385,naveen.menon3@example.in,2014-07-05,2025-01-13
CUST-0012,Anjali Reddy,INDIVIDUAL,1963-07-14,F,IN,IN,Pune,Maharashtra,WEST,BR-003,Doctor,5959000,MEDIUM,False,CYRPY2060E,+91-9690347116,anjali.reddy22@example.in,2017-12-11,2025-12-16
CUST-0013,Neha Das,INDIVIDUAL,1977-11-24,F,IN,IN,Chennai,Tamil Nadu,SOUTH,BR-012,Self-Employed Consultant,2007000,LOW,False,QODPH3681C,+91-8122585366,neha.das76@example.in,2024-06-03,2024-04-16
CUST-0014,Arjun Reddy,INDIVIDUAL,1961-05-29,M,IN,IN,Hyderabad,Telangana,SOUTH,BR-011,Doctor,1765000,LOW,False,HIVPP3510R,+91-7876693898,arjun.reddy74@example.in,2024-12-03,2025-08-26
CUST-0015,Sunita Das,INDIVIDUAL,1989-07-23,F,IN,IN,Kolkata,West Bengal,EAST,BR-014,Salaried - Government,603000,LOW,False,NOXPB1612B,+91-9881913386,sunita.das44@example.in,2014-06-14,2024-05-24
CUST-0016,Pooja Malhotra,INDIVIDUAL,1980-10-01,F,IN,IN,Jaipur,Rajasthan,NORTH,BR-008,Salaried - Private,884000,MEDIUM,False,COZPR1604B,+91-6200140141,pooja.malhotra97@example.in,2017-04-20,2023-12-07
CUST-0017,Neha Agarwal,INDIVIDUAL,1976-12-31,F,IN,IN,Mumbai,Maharashtra,WEST,BR-001,Salaried - IT,1290000,HIGH,False,IZZPO4673N,+91-9266211829,neha.agarwal25@example.in,2018-08-27,2024-03-21
CUST-0018,Kiran Pillai,INDIVIDUAL,1986-03-16,M,IN,IN,Guwahati,Assam,EAST,BR-016,Salaried - IT,810000,LOW,False,QFBPQ1312F,+91-6738914080,kiran.pillai9@example.in,2017-04-10,2025-04-06
CUST-0019,Sunrise Motors,ENTITY,1986-10-14,,IN,IN,Pune,Maharashtra,WEST,BR-003,Real Estate,199590021,LOW,False,SSQCK4272G,+91-8356287095,sunrise.motors34@example.in,2020-11-16,2023-09-26
CUST-0020,Fatima Pillai,INDIVIDUAL,1980-07-22,F,IN,IN,Ahmedabad,Gujarat,WEST,BR-004,Salaried - Government,419000,LOW,False,GQIPE5718C,+91-7496776692,fatima.pillai37@example.in,2015-07-16,2025-06-16
CUST-0021,Aishwarya Sharma,INDIVIDUAL,1973-06-06,F,IN,IN,Ahmedabad,Gujarat,WEST,BR-004,Homemaker,145000,MEDIUM,False,EIDPD9064E,+91-8402533494,aishwarya.sharma78@example.in,2016-09-21,2024-12-03
CUST-0022,Mary Choudhary,INDIVIDUAL,1962-04-12,F,IN,IN,Pune,Maharashtra,WEST,BR-003,Lawyer,4697000,LOW,False,IBAPK2143U,+91-8273497327,mary.choudhary95@example.in,2021-11-28,2026-02-03
CUST-0023,Rohan Rao,INDIVIDUAL,1984-06-21,M,IN,IN,Mumbai,Maharashtra,WEST,BR-002,Self-Employed Consultant,1325000,MEDIUM,False,SREPN2088B,+91-8491541578,rohan.rao6@example.in,2020-01-10,2024-03-06
CUST-0024,Sanjay Jain,INDIVIDUAL,1981-03-28,M,IN,IN,New Delhi,Delhi,NORTH,BR-006,Student,40000,HIGH,False,ZFNPA2938X,+91-8940081098,sanjay.jain53@example.in,2017-07-25,2024-06-30
CUST-0025,Manoj Gupta,INDIVIDUAL,1968-12-13,M,IN,IN,Kolkata,West Bengal,EAST,BR-015,Farmer,383000,LOW,False,ZHHPA3164M,+91-8399147754,manoj.gupta9@example.in,2018-04-05,2024-12-20
CUST-0026,Bhavana Khan,INDIVIDUAL,1971-09-19,F,IN,IN,New Delhi,Delhi,NORTH,BR-006,Salaried - IT,1083000,LOW,False,IBDPT7119L,+91-8568574364,bhavana.khan78@example.in,2023-06-21,2023-08-25
CUST-0027,Rajesh Gupta,INDIVIDUAL,1960-01-28,M,IN,IN,New Delhi,Delhi,NORTH,BR-007,Self-Employed Consultant,2528000,LOW,False,CVKPT5143V,+91-6872830248,rajesh.gupta39@example.in,2023-05-17,2024-09-25
CUST-0028,Ritu Deshpande,INDIVIDUAL,1963-08-10,F,IN,IN,Kolkata,West Bengal,EAST,BR-014,Retired,333000,LOW,False,MVXPF9324J,+91-9688343096,ritu.deshpande1@example.in,2018-10-25,2024-08-10
CUST-0029,Fatima Kapoor,INDIVIDUAL,1982-12-06,F,IN,IN,Guwahati,Assam,EAST,BR-016,Farmer,374000,MEDIUM,False,ZXFPV1389J,+91-8200273738,fatima.kapoor97@example.in,2017-04-08,2024-09-27
CUST-0030,Karan Verma,INDIVIDUAL,1981-04-24,M,IN,IN,Pune,Maharashtra,WEST,BR-003,Salaried - IT,1626000,LOW,False,USGPW6291P,+91-9361976301,karan.verma19@example.in,2012-02-15,2023-08-07
CUST-0031,Rahul Chopra,INDIVIDUAL,1971-03-06,M,IN,IN,Ahmedabad,Gujarat,WEST,BR-004,Salaried - IT,2937000,LOW,False,ZOVPQ9157T,+91-8910943524,rahul.chopra57@example.in,2023-04-28,2025-05-23
CUST-0032,Kavya Naidu,INDIVIDUAL,1993-09-21,F,IN,IN,Jaipur,Rajasthan,NORTH,BR-008,Farmer,421000,MEDIUM,False,IYYPQ7939U,+91-7394846763,kavya.naidu57@example.in,2013-09-26,2024-08-08
CUST-0033,Divya Nair,INDIVIDUAL,1970-05-16,F,IN,IN,Kochi,Kerala,SOUTH,BR-013,Salaried - Private,616000,LOW,False,WGCPN6678K,+91-9546434187,divya.nair8@example.in,2016-08-21,2025-05-10
CUST-0034,Naveen D'Souza,INDIVIDUAL,1975-10-12,M,IN,IN,Bengaluru,Karnataka,SOUTH,BR-010,Farmer,156000,MEDIUM,False,NRXPX8947Z,+91-7624232414,naveen.dsouza29@example.in,2018-02-13,2025-06-11
CUST-0035,Divya Agarwal,INDIVIDUAL,1980-12-18,F,IN,IN,Surat,Gujarat,WEST,BR-005,Homemaker,146000,HIGH,False,RAMPS9246V,+91-6190137896,divya.agarwal83@example.in,2021-08-12,2023-10-05
CUST-0036,Vihaan Joshi,INDIVIDUAL,1969-06-29,M,IN,IN,Kolkata,West Bengal,EAST,BR-015,Shop Owner,1186000,LOW,False,YMIPY6906I,+91-6604988121,vihaan.joshi3@example.in,2024-02-05,2023-04-17
CUST-0037,Anjali Rao,INDIVIDUAL,1993-10-31,F,IN,IN,Mumbai,Maharashtra,WEST,BR-001,Homemaker,10000,MEDIUM,False,GATPE3908E,+91-9818825964,anjali.rao15@example.in,2024-08-25,2024-03-22
CUST-0038,Swati Singh,INDIVIDUAL,1974-09-10,F,IN,IN,Bengaluru,Karnataka,SOUTH,BR-010,Student,30000,LOW,False,AJSPV6149M,+91-7181600593,swati.singh76@example.in,2017-06-12,2023-07-28
CUST-0039,Bhavana Patel,INDIVIDUAL,1991-02-24,F,IN,IN,Kolkata,West Bengal,EAST,BR-014,Student,10000,LOW,False,CQUPK0207N,+91-9213321496,bhavana.patel56@example.in,2020-02-15,2025-07-30
CUST-0040,Kavya Kulkarni,INDIVIDUAL,2003-05-18,F,IN,IN,Kolkata,West Bengal,EAST,BR-015,Student,141000,LOW,False,XSIPK4022C,+91-8584044963,kavya.kulkarni32@example.in,2022-06-03,2026-03-13
CUST-0041,Divya Verma,INDIVIDUAL,1968-02-27,F,IN,IN,Guwahati,Assam,EAST,BR-016,Farmer,490000,LOW,False,ZIKPI9767W,+91-8696776072,divya.verma2@example.in,2023-08-03,2024-01-27
CUST-0042,Royal Textiles,ENTITY,2015-12-24,,IN,IN,Guwahati,Assam,EAST,BR-016,Logistics,42255732,LOW,False,POZCA1524J,+91-7534222401,royal.textiles89@example.in,2017-06-16,2024-09-19
CUST-0043,Ayesha Sheikh,INDIVIDUAL,1984-09-08,F,IN,IN,Hyderabad,Telangana,SOUTH,BR-011,Shop Owner,2064000,LOW,False,OIJPI3777D,+91-7438817025,ayesha.sheikh16@example.in,2024-01-07,2024-01-15
CUST-0044,Meera Deshpande,INDIVIDUAL,1973-04-15,F,IN,IN,Jaipur,Rajasthan,NORTH,BR-008,Salaried - Government,807000,LOW,False,JAWPR2073I,+91-6158546865,meera.deshpande71@example.in,2018-07-21,2023-09-16
CUST-0045,Sneha Sharma,INDIVIDUAL,2002-02-10,F,IN,IN,Guwahati,Assam,EAST,BR-016,Student,74000,LOW,False,FBIPP1869C,+91-9628008852,sneha.sharma10@example.in,2024-12-09,2023-04-20
CUST-0046,Diya Chatterjee,INDIVIDUAL,1987-03-13,F,IN,IN,Jaipur,Rajasthan,NORTH,BR-008,Salaried - Government,1272000,MEDIUM,False,MOOPJ9642N,+91-8710561240,diya.chatterjee80@example.in,2013-05-08,2026-06-02
CUST-0047,Venkat Bose,INDIVIDUAL,1971-11-14,M,IN,IN,Pune,Maharashtra,WEST,BR-003,Homemaker,55000,LOW,False,FRCPF0043N,+91-9840206617,venkat.bose77@example.in,2022-07-16,2024-08-19
CUST-0048,Vertex Commodities LLP,ENTITY,1988-03-12,,IN,IN,Jaipur,Rajasthan,NORTH,BR-008,Import/Export,146878106,MEDIUM,False,ZZUCS3241N,+91-6684719405,vertex.commodities.llp29@example.in,2015-05-05,2024-06-28
CUST-0049,Vihaan Singh,INDIVIDUAL,1993-08-05,M,IN,IN,Bengaluru,Karnataka,SOUTH,BR-010,Lawyer,3395000,LOW,False,OWJPW6594I,+91-9570040006,vihaan.singh11@example.in,2025-05-31,2023-03-23
CUST-0050,Aishwarya Joshi,INDIVIDUAL,1970-04-08,F,IN,IN,Mumbai,Maharashtra,WEST,BR-001,Salaried - IT,983000,HIGH,False,VISPB2870P,+91-9398668350,aishwarya.joshi24@example.in,2025-02-16,2025-06-11
CUST-0051,Diya Naidu,INDIVIDUAL,1974-12-13,F,IN,IN,Hyderabad,Telangana,SOUTH,BR-011,Chartered Accountant,2712000,LOW,False,FKNPW8117J,+91-9973559879,diya.naidu98@example.in,2024-05-03,2023-03-17
CUST-0052,Meera Pillai,INDIVIDUAL,1983-01-31,F,IN,IN,Mumbai,Maharashtra,WEST,BR-001,Salaried - Government,1247000,LOW,False,RONPB3073Q,+91-8768548027,meera.pillai97@example.in,2023-03-07,2025-06-24
CUST-0053,Rajesh Shah,INDIVIDUAL,1991-04-28,M,IN,IN,Guwahati,Assam,EAST,BR-016,Lawyer,2737000,LOW,False,UTZPH2594J,+91-6692975437,rajesh.shah53@example.in,2014-02-02,2024-04-05
CUST-0054,Nikhil Patel,INDIVIDUAL,1982-05-10,M,IN,IN,Bengaluru,Karnataka,SOUTH,BR-010,Homemaker,40000,LOW,False,INPPP3993O,+91-7511872350,nikhil.patel25@example.in,2025-06-11,2025-11-06
CUST-0055,Naveen Rao,INDIVIDUAL,1995-06-09,M,IN,IN,Kolkata,West Bengal,EAST,BR-014,Lawyer,4140000,LOW,False,ZQIPA4634X,+91-8999232921,naveen.rao76@example.in,2025-01-02,2025-09-29
CUST-0056,Shreya Naidu,INDIVIDUAL,1984-10-03,F,IN,IN,Kochi,Kerala,SOUTH,BR-013,Chartered Accountant,2394000,LOW,False,KGWPH9368M,+91-7932734539,shreya.naidu53@example.in,2012-12-23,2024-10-13
CUST-0057,Ritu Mehta,INDIVIDUAL,1965-08-30,F,IN,IN,Hyderabad,Telangana,SOUTH,BR-011,Farmer,188000,MEDIUM,False,ODQPO0251X,+91-7540211187,ritu.mehta84@example.in,2015-06-18,2023-06-03
CUST-0058,Divya Agarwal,INDIVIDUAL,1974-09-27,F,IN,IN,Kochi,Kerala,SOUTH,BR-013,Homemaker,21000,HIGH,False,UWYPP8864B,+91-6352082631,divya.agarwal81@example.in,2018-06-12,2024-04-10
CUST-0059,Sneha Iyer,INDIVIDUAL,1991-02-17,F,IN,IN,Bengaluru,Karnataka,SOUTH,BR-010,Farmer,324000,MEDIUM,False,BKZPB4806L,+91-8562446417,sneha.iyer19@example.in,2017-06-23,2025-12-23
CUST-0060,Rahul Kumar,INDIVIDUAL,1987-10-19,M,IN,IN,Jaipur,Rajasthan,NORTH,BR-008,Salaried - Government,1202000,LOW,False,SEHPO4161O,+91-8816014770,rahul.kumar2@example.in,2022-06-08,2024-08-12
CUST-0061,Arjun Kapoor,INDIVIDUAL,1973-06-02,M,IN,IN,Kolkata,West Bengal,EAST,BR-014,Chartered Accountant,3464000,LOW,False,OJGPM7916D,+91-7509486794,arjun.kapoor74@example.in,2020-01-19,2026-03-23
CUST-0062,Priya Agarwal,INDIVIDUAL,1985-05-21,F,IN,IN,Mumbai,Maharashtra,WEST,BR-002,Lawyer,933000,MEDIUM,False,XPJPY3770T,+91-8335154329,priya.agarwal82@example.in,2016-04-06,2026-06-25
CUST-0063,Farhan Iyer,INDIVIDUAL,1961-10-07,M,IN,IN,Bengaluru,Karnataka,SOUTH,BR-010,Homemaker,169000,MEDIUM,False,BSLPX2153C,+91-8450811990,farhan.iyer96@example.in,2021-04-26,2023-12-26
CUST-0064,Mary Kulkarni,INDIVIDUAL,1981-08-12,F,IN,IN,Bengaluru,Karnataka,SOUTH,BR-010,Salaried - Private,838000,MEDIUM,False,KZDPO1233E,+91-7826197069,mary.kulkarni93@example.in,2020-11-29,2026-02-15
CUST-0065,Priya Joshi,INDIVIDUAL,1975-05-27,F,IN,IN,Chennai,Tamil Nadu,SOUTH,BR-012,Retired,329000,LOW,False,VISPM6086D,+91-7606244434,priya.joshi4@example.in,2024-08-04,2024-11-02
CUST-0066,Farhan Rao,INDIVIDUAL,1991-06-13,M,IN,IN,Bengaluru,Karnataka,SOUTH,BR-010,Homemaker,121000,LOW,False,DEBPB4986P,+91-6204359116,farhan.rao31@example.in,2024-01-21,2023-10-05
CUST-0067,Bhavana Jain,INDIVIDUAL,1997-03-21,F,IN,IN,Ahmedabad,Gujarat,WEST,BR-004,Student,40000,MEDIUM,False,TNIPB6070G,+91-9577488537,bhavana.jain31@example.in,2020-02-19,2023-07-23
CUST-0068,Shreya Sheikh,INDIVIDUAL,1972-05-17,F,IN,IN,New Delhi,Delhi,NORTH,BR-007,Salaried - IT,2269000,HIGH,False,OCVPG9783A,+91-6944814262,shreya.sheikh43@example.in,2017-06-18,2023-09-15
CUST-0069,Arjun Bose,INDIVIDUAL,1980-11-25,M,IN,IN,Hyderabad,Telangana,SOUTH,BR-011,Student,56000,MEDIUM,False,ZTAPI2370E,+91-8957397689,arjun.bose23@example.in,2014-06-19,2023-02-22
CUST-0070,Sunrise Motors,ENTITY,1985-09-16,,IN,IN,New Delhi,Delhi,NORTH,BR-006,Import/Export,111911741,LOW,False,EXNCQ1862X,+91-6611365210,sunrise.motors58@example.in,2020-02-13,2025-11-17
CUST-0071,Mary Banerjee,INDIVIDUAL,1987-01-22,F,IN,IN,Kolkata,West Bengal,EAST,BR-015,Student,11000,LOW,False,ABPPM6984V,+91-6626422169,mary.banerjee92@example.in,2021-12-12,2023-05-31
CUST-0072,Aishwarya Mehta,INDIVIDUAL,1972-05-02,F,IN,IN,Hyderabad,Telangana,SOUTH,BR-011,Salaried - Government,664000,LOW,False,TQJPO8282T,+91-9206492059,aishwarya.mehta90@example.in,2014-07-26,2026-02-03
CUST-0073,Deepak Kapoor,INDIVIDUAL,1975-03-16,M,IN,IN,Kolkata,West Bengal,EAST,BR-015,Doctor,4671000,LOW,False,XDKPN5120V,+91-8501902658,deepak.kapoor20@example.in,2022-08-21,2023-05-18
CUST-0074,Balaji Infra Pvt Ltd,ENTITY,2018-05-27,,IN,IN,Chennai,Tamil Nadu,SOUTH,BR-012,Wholesale Trading,32960658,MEDIUM,False,RBSCR9202K,+91-6541102414,balaji.infra.pvt.ltd46@example.in,2021-06-26,2023-04-16
CUST-0075,Swati Iyer,INDIVIDUAL,1979-02-01,F,IN,IN,Surat,Gujarat,WEST,BR-005,Student,133000,LOW,False,HDLPR6022D,+91-8716435189,swati.iyer29@example.in,2021-08-16,2026-02-22
CUST-0076,Imran Kulkarni,INDIVIDUAL,1972-04-04,M,IN,IN,Bengaluru,Karnataka,SOUTH,BR-010,Salaried - IT,1356000,MEDIUM,False,LAFPE9278V,+91-9174716780,imran.kulkarni19@example.in,2012-09-08,2023-07-07
CUST-0077,Manoj Jain,INDIVIDUAL,1967-01-22,M,IN,IN,Chennai,Tamil Nadu,SOUTH,BR-012,Farmer,507000,LOW,False,KYSPT1391B,+91-7269017588,manoj.jain97@example.in,2013-02-11,2023-06-17
CUST-0078,Ayesha Kapoor,INDIVIDUAL,1969-09-01,F,IN,IN,Ahmedabad,Gujarat,WEST,BR-004,Shop Owner,1072000,LOW,False,DJVPV9717P,+91-8148766522,ayesha.kapoor29@example.in,2020-11-11,2026-05-12
CUST-0079,Vertex Impex,ENTITY,2019-04-13,,IN,IN,Amritsar,Punjab,NORTH,BR-009,Jewellery Retail,66838686,LOW,False,DAPCX7055F,+91-7508244633,vertex.impex69@example.in,2017-02-28,2025-10-21
CUST-0080,Diya Agarwal,INDIVIDUAL,1979-07-27,F,IN,IN,Mumbai,Maharashtra,WEST,BR-001,Self-Employed Consultant,877000,LOW,False,CKSPN9394M,+91-9410864588,diya.agarwal15@example.in,2021-01-31,2023-02-12
CUST-0081,Srinivas Chopra,INDIVIDUAL,1963-12-14,M,IN,IN,Kolkata,West Bengal,EAST,BR-014,Self-Employed Consultant,2217000,MEDIUM,False,HNSPM8584C,+91-9433154770,srinivas.chopra96@example.in,2019-08-13,2024-03-29
CUST-0082,Arjun Patel,INDIVIDUAL,1963-09-12,M,IN,IN,Chennai,Tamil Nadu,SOUTH,BR-012,Retired,734000,LOW,False,UEHPD2399I,+91-7286293158,arjun.patel78@example.in,2015-06-06,2023-06-04
CUST-0083,Fatima Kapoor,INDIVIDUAL,1988-11-03,F,IN,IN,Hyderabad,Telangana,SOUTH,BR-011,Homemaker,147000,MEDIUM,False,UKEPO1118P,+91-9777944609,fatima.kapoor39@example.in,2018-02-28,2026-04-26
CUST-0084,Balaji Logistics,ENTITY,2005-04-10,,IN,IN,Mumbai,Maharashtra,WEST,BR-002,Real Estate,163948054,LOW,False,JCUCC9733Q,+91-9596832859,balaji.logistics75@example.in,2024-06-06,2023-03-26
CUST-0085,Anil Naidu,INDIVIDUAL,1957-10-10,M,IN,IN,Kolkata,West Bengal,EAST,BR-015,Retired,358000,LOW,False,KWCPQ2827B,+91-7859803019,anil.naidu57@example.in,2021-11-08,2025-12-09
CUST-0086,Sanjay Fernandes,INDIVIDUAL,1978-05-03,M,IN,IN,Hyderabad,Telangana,SOUTH,BR-011,Lawyer,2524000,LOW,False,BZUPU5482C,+91-8201474984,sanjay.fernandes72@example.in,2020-09-01,2024-08-04
CUST-0087,Anil Nair,INDIVIDUAL,1991-05-20,M,IN,IN,Bengaluru,Karnataka,SOUTH,BR-010,Student,37000,HIGH,False,WVMPE9749W,+91-6432411019,anil.nair72@example.in,2020-06-12,2024-11-03
CUST-0088,Farhan Malhotra,INDIVIDUAL,1955-10-26,M,IN,IN,Chennai,Tamil Nadu,SOUTH,BR-012,Retired,579000,LOW,False,GKYPP3145H,+91-7266371119,farhan.malhotra10@example.in,2018-08-20,2023-07-27
CUST-0089,Joseph Khan,INDIVIDUAL,1993-10-18,M,IN,IN,Surat,Gujarat,WEST,BR-005,Student,34000,LOW,False,WYTPZ2712X,+91-9146914391,joseph.khan53@example.in,2020-03-03,2024-05-01
CUST-0090,Sahana Kapoor,INDIVIDUAL,1970-09-23,F,IN,IN,Bengaluru,Karnataka,SOUTH,BR-010,Doctor,5679000,HIGH,False,ZPGPL9345O,+91-9926178355,sahana.kapoor37@example.in,2020-07-25,2025-10-26
CUST-0091,Mahesh Das,INDIVIDUAL,1982-06-06,M,IN,IN,Mumbai,Maharashtra,WEST,BR-002,Student,36000,LOW,False,LRDPW8452D,+91-8190060226,mahesh.das98@example.in,2015-08-06,2024-07-12
CUST-0092,Mahesh Malhotra,INDIVIDUAL,1980-03-27,M,IN,IN,Chennai,Tamil Nadu,SOUTH,BR-012,Salaried - Government,865000,MEDIUM,False,NBMPQ6126H,+91-9187623171,mahesh.malhotra48@example.in,2017-01-13,2023-02-27
CUST-0093,Mahesh Khan,INDIVIDUAL,1961-09-19,M,IN,IN,Bengaluru,Karnataka,SOUTH,BR-010,Salaried - Private,588000,MEDIUM,False,PWEPY7685O,+91-6185068029,mahesh.khan3@example.in,2017-09-27,2024-03-17
CUST-0094,Sneha Deshpande,INDIVIDUAL,1965-06-19,F,IN,IN,Mumbai,Maharashtra,WEST,BR-002,Doctor,3726000,LOW,False,UZTPO1029D,+91-9740743666,sneha.deshpande69@example.in,2012-05-14,2025-11-21
CUST-0095,Vikram Malhotra,INDIVIDUAL,1975-10-29,M,IN,IN,Jaipur,Rajasthan,NORTH,BR-008,Salaried - IT,3178000,LOW,False,FVVPC8576L,+91-6664852025,vikram.malhotra70@example.in,2023-05-19,2025-11-05
CUST-0096,Ayesha Gupta,INDIVIDUAL,1976-09-29,F,IN,IN,Amritsar,Punjab,NORTH,BR-009,Homemaker,101000,MEDIUM,False,LZCPL3950X,+91-6928393291,ayesha.gupta75@example.in,2019-06-16,2023-10-01
CUST-0097,Orion Realty,ENTITY,1992-11-08,,IN,IN,Kolkata,West Bengal,EAST,BR-015,Real Estate,212549135,HIGH,False,PUFCZ2209C,+91-9139711044,orion.realty38@example.in,2016-07-09,2023-03-31
CUST-0098,Anil Menon,INDIVIDUAL,1991-07-30,M,IN,IN,Guwahati,Assam,EAST,BR-016,Retired,617000,LOW,False,YUGPJ5848Y,+91-6804086195,anil.menon43@example.in,2018-02-16,2023-09-12
CUST-0099,Ritu Kapoor,INDIVIDUAL,1968-05-18,F,IN,IN,Guwahati,Assam,EAST,BR-016,Shop Owner,1211000,LOW,False,LZQPI1353X,+91-9184747224,ritu.kapoor56@example.in,2016-01-18,2026-01-22
CUST-0100,Arjun Pillai,INDIVIDUAL,1973-09-30,M,IN,IN,Kolkata,West Bengal,EAST,BR-015,Homemaker,77000,LOW,False,NFWPO5759O,+91-6880411013,arjun.pillai46@example.in,2021-10-03,2024-07-16
CUST-0101,Arjun Agarwal,INDIVIDUAL,1995-12-08,M,IN,IN,New Delhi,Delhi,NORTH,BR-006,Chartered Accountant,3152000,HIGH,False,ETVPZ7179B,+91-7172191273,arjun.agarwal31@example.in,2020-03-19,2025-01-11
CUST-0102,Imran Mehta,INDIVIDUAL,1976-08-21,M,IN,IN,Chennai,Tamil Nadu,SOUTH,BR-012,Homemaker,117000,LOW,False,CSEPQ6012M,+91-8797460535,imran.mehta36@example.in,2017-08-06,2023-08-21
CUST-0103,Prime Jewellers,ENTITY,2010-03-13,,IN,IN,Ahmedabad,Gujarat,WEST,BR-004,Jewellery Retail,133881132,LOW,False,IWOCG4678W,+91-9314939857,prime.jewellers16@example.in,2015-01-16,2023-06-01
CUST-0104,Diya Pillai,INDIVIDUAL,1991-10-30,F,IN,IN,Pune,Maharashtra,WEST,BR-003,Homemaker,91000,LOW,False,JJFPW2852Z,+91-8646272321,diya.pillai29@example.in,2014-09-21,2024-02-16
CUST-0105,Srinivas Choudhary,INDIVIDUAL,1984-11-07,M,IN,IN,Chennai,Tamil Nadu,SOUTH,BR-012,Salaried - IT,2113000,LOW,False,RETPC1077J,+91-9869801588,srinivas.choudhary93@example.in,2022-09-26,2025-12-12
CUST-0106,Nandini Rao,INDIVIDUAL,1988-10-24,F,IN,IN,Pune,Maharashtra,WEST,BR-003,Salaried - Private,964000,LOW,False,VQLPE9032U,+91-7924399252,nandini.rao17@example.in,2021-09-14,2025-10-26
CUST-0107,Mahesh Patel,INDIVIDUAL,1968-08-22,M,IN,IN,New Delhi,Delhi,NORTH,BR-006,Retired,360000,LOW,False,WHLPQ4653C,+91-8310777576,mahesh.patel82@example.in,2024-05-09,2024-07-16
CUST-0108,Balaji Jewellers,ENTITY,1992-07-25,,IN,IN,Surat,Gujarat,WEST,BR-005,Import/Export,197063753,LOW,False,TXTCK9234B,+91-6187212377,balaji.jewellers6@example.in,2024-12-07,2024-06-26
CUST-0109,Aishwarya Verma,INDIVIDUAL,1972-12-28,F,IN,IN,Bengaluru,Karnataka,SOUTH,BR-010,Farmer,722000,LOW,False,ZZVPM4873O,+91-6839393192,aishwarya.verma8@example.in,2015-07-18,2025-06-19
CUST-0110,Neha Khan,INDIVIDUAL,1988-01-16,F,IN,IN,Hyderabad,Telangana,SOUTH,BR-011,Student,37000,MEDIUM,False,LMEPY6070Q,+91-6442648079,neha.khan31@example.in,2022-06-18,2023-09-08
CUST-0111,Karan Iyer,INDIVIDUAL,1977-03-25,M,IN,IN,Kolkata,West Bengal,EAST,BR-014,Salaried - IT,1817000,LOW,False,FKSPX5123G,+91-7635008544,karan.iyer66@example.in,2022-06-21,2025-10-18
CUST-0112,Priya Nair,INDIVIDUAL,1980-07-05,F,IN,IN,Jaipur,Rajasthan,NORTH,BR-008,Shop Owner,1559000,LOW,False,LBBPJ8108T,+91-9406819991,priya.nair69@example.in,2012-03-07,2023-08-09
CUST-0113,Sahana Fernandes,INDIVIDUAL,1962-01-11,F,IN,IN,Kochi,Kerala,SOUTH,BR-013,Shop Owner,1267000,LOW,False,RGLPR4728C,+91-9641440255,sahana.fernandes58@example.in,2024-05-01,2024-07-26
CUST-0114,Karan Iyer,INDIVIDUAL,1995-08-28,M,IN,IN,Hyderabad,Telangana,SOUTH,BR-011,Shop Owner,1282000,LOW,False,LYEPG9870Q,+91-9636954564,karan.iyer6@example.in,2013-01-06,2023-03-21
CUST-0115,Prime Jewellers,ENTITY,1991-09-07,,IN,IN,Surat,Gujarat,WEST,BR-005,Import/Export,147671933,LOW,False,TKFCM4902S,+91-8644725317,prime.jewellers66@example.in,2023-12-09,2025-09-30
CUST-0116,Ayesha Verma,INDIVIDUAL,1990-03-23,F,IN,IN,Ahmedabad,Gujarat,WEST,BR-004,Chartered Accountant,2389000,HIGH,False,SJZPX0436T,+91-9385111130,ayesha.verma84@example.in,2024-12-21,2026-03-28
CUST-0117,Gaurav Naidu,INDIVIDUAL,1988-03-19,M,IN,IN,Kochi,Kerala,SOUTH,BR-013,Salaried - Private,1399000,LOW,False,VHBPS1800G,+91-6573561557,gaurav.naidu41@example.in,2021-05-23,2023-11-07
CUST-0118,Deepak Naidu,INDIVIDUAL,1991-08-29,M,IN,IN,Surat,Gujarat,WEST,BR-005,Self-Employed Consultant,961000,LOW,False,RKVPP8609M,+91-8285953213,deepak.naidu59@example.in,2023-12-16,2024-12-02
CUST-0119,Aishwarya Naidu,INDIVIDUAL,1972-07-07,F,IN,IN,Bengaluru,Karnataka,SOUTH,BR-010,Doctor,3267000,LOW,False,JYJPW3396W,+91-9440419907,aishwarya.naidu62@example.in,2019-10-28,2026-02-21
CUST-0120,Lakshmi Patel,INDIVIDUAL,1994-01-23,F,IN,IN,Kochi,Kerala,SOUTH,BR-013,Student,142000,MEDIUM,False,YZEPJ0689J,+91-6471904990,lakshmi.patel57@example.in,2017-10-01,2025-09-08
CUST-0121,Shreya Kulkarni,INDIVIDUAL,1987-08-14,F,IN,IN,Jaipur,Rajasthan,NORTH,BR-008,Salaried - Private,529000,LOW,False,VQHPU3814B,+91-6543778963,shreya.kulkarni43@example.in,2022-08-05,2023-07-25
CUST-0122,Aarav Singh,INDIVIDUAL,1981-05-03,M,IN,IN,Guwahati,Assam,EAST,BR-016,Shop Owner,1869000,LOW,False,YJKPJ0969Y,+91-6800400428,aarav.singh74@example.in,2017-03-17,2025-12-31
CUST-0123,Tarun Kumar,INDIVIDUAL,1967-11-20,M,IN,IN,Mumbai,Maharashtra,WEST,BR-002,Shop Owner,2350000,HIGH,False,MZPPF4742B,+91-6420396197,tarun.kumar73@example.in,2014-05-29,2024-11-17
CUST-0124,Pooja Chopra,INDIVIDUAL,1965-01-19,F,IN,IN,Hyderabad,Telangana,SOUTH,BR-011,Lawyer,1708000,LOW,False,OUIPW3050A,+91-8949080318,pooja.chopra38@example.in,2024-09-25,2024-01-31
CUST-0125,Sunita Pillai,INDIVIDUAL,1990-01-08,F,IN,IN,Ahmedabad,Gujarat,WEST,BR-004,Salaried - Government,1240000,LOW,False,EPKPH0111I,+91-9352889019,sunita.pillai58@example.in,2017-12-27,2024-11-06
CUST-0126,Rajesh Fernandes,INDIVIDUAL,1962-10-14,M,IN,IN,Ahmedabad,Gujarat,WEST,BR-004,Self-Employed Consultant,1691000,LOW,False,FMVPQ5095W,+91-6785811060,rajesh.fernandes38@example.in,2020-03-29,2026-06-12
CUST-0127,Pranav Mehta,INDIVIDUAL,1976-10-04,M,IN,IN,Kolkata,West Bengal,EAST,BR-014,Farmer,785000,MEDIUM,False,PYRPZ3578Y,+91-7830511568,pranav.mehta97@example.in,2025-05-12,2023-06-17
CUST-0128,Diya Patel,INDIVIDUAL,1982-09-03,F,IN,IN,New Delhi,Delhi,NORTH,BR-007,Salaried - IT,2897000,LOW,False,EFKPQ7239D,+91-7869784803,diya.patel75@example.in,2022-12-18,2023-07-06
CUST-0129,Ananya Chopra,INDIVIDUAL,1978-08-20,F,IN,IN,Kolkata,West Bengal,EAST,BR-015,Salaried - Private,1376000,LOW,False,ROVPZ5049X,+91-6525146690,ananya.chopra33@example.in,2012-01-25,2024-03-22
CUST-0130,Deepak Sheikh,INDIVIDUAL,1984-04-10,M,IN,IN,Mumbai,Maharashtra,WEST,BR-002,Self-Employed Consultant,967000,MEDIUM,False,CPBPJ6698F,+91-7922301213,deepak.sheikh83@example.in,2021-06-05,2025-02-05
CUST-0131,Fatima D'Souza,INDIVIDUAL,1990-08-16,F,IN,IN,Surat,Gujarat,WEST,BR-005,Shop Owner,668000,LOW,False,LDFPR6439Q,+91-7881531720,fatima.dsouza29@example.in,2012-01-29,2023-02-16
CUST-0132,Bhavana Malhotra,INDIVIDUAL,1991-12-07,F,IN,IN,Jaipur,Rajasthan,NORTH,BR-008,Retired,597000,LOW,False,LEIPG1848B,+91-9760268760,bhavana.malhotra99@example.in,2012-05-08,2024-05-07
CUST-0133,Imran Gupta,INDIVIDUAL,1990-02-22,M,IN,IN,Mumbai,Maharashtra,WEST,BR-002,Farmer,776000,LOW,False,BMOPH8843G,+91-6250469429,imran.gupta65@example.in,2018-06-27,2024-04-24
CUST-0134,Nandini Pillai,INDIVIDUAL,1966-06-05,F,IN,IN,Jaipur,Rajasthan,NORTH,BR-008,Doctor,3731000,LOW,False,IBRPS2869U,+91-9696840109,nandini.pillai64@example.in,2013-01-19,2024-12-06
CUST-0135,Mary Pillai,INDIVIDUAL,1978-04-24,F,IN,IN,Surat,Gujarat,WEST,BR-005,Self-Employed Consultant,2446000,LOW,False,FYRPP3948H,+91-8859754807,mary.pillai19@example.in,2022-05-21,2023-04-29
CUST-0136,Shreya Shah,INDIVIDUAL,1971-06-09,F,IN,IN,New Delhi,Delhi,NORTH,BR-007,Shop Owner,1009000,LOW,False,COLPC8775X,+91-7155337035,shreya.shah35@example.in,2020-06-16,2026-05-23
CUST-0137,Amit Bose,INDIVIDUAL,1974-12-08,M,IN,IN,Bengaluru,Karnataka,SOUTH,BR-010,Farmer,369000,HIGH,False,AGGPX1922X,+91-9360482447,amit.bose90@example.in,2016-08-02,2025-03-23
CUST-0138,Lakshmi D'Souza,INDIVIDUAL,1989-02-05,F,IN,IN,Chennai,Tamil Nadu,SOUTH,BR-012,Farmer,709000,LOW,False,LQPPO1615Z,+91-9917792874,lakshmi.dsouza41@example.in,2016-07-22,2025-01-29
CUST-0139,Gaurav Banerjee,INDIVIDUAL,1960-09-22,M,IN,IN,Amritsar,Punjab,NORTH,BR-009,Self-Employed Consultant,1312000,LOW,False,SSXPN4836E,+91-7454190155,gaurav.banerjee30@example.in,2020-07-08,2026-03-12
CUST-0140,Shreya Khan,INDIVIDUAL,1981-12-01,F,IN,IN,Guwahati,Assam,EAST,BR-016,Lawyer,4101000,LOW,False,XZLPF2293X,+91-9297619784,shreya.khan70@example.in,2013-04-26,2025-12-09
CUST-0141,Sai Fintech Pvt Ltd,ENTITY,2003-07-02,,IN,IN,Surat,Gujarat,WEST,BR-005,Wholesale Trading,20856822,MEDIUM,False,HCWCE0149G,+91-9500721199,sai.fintech.pvt.ltd8@example.in,2022-11-02,2025-09-26
CUST-0142,Royal Traders,ENTITY,2008-09-30,,IN,IN,Amritsar,Punjab,NORTH,BR-009,Real Estate,44489890,LOW,False,JAQCW7054Z,+91-7214908010,royal.traders13@example.in,2023-10-05,2023-11-01
CUST-0143,Swati Kulkarni,INDIVIDUAL,1976-09-25,F,IN,IN,Kochi,Kerala,SOUTH,BR-013,Shop Owner,665000,LOW,False,HWHPJ1320U,+91-6200395400,swati.kulkarni52@example.in,2020-07-03,2025-02-11
CUST-0144,Farhan Sharma,INDIVIDUAL,1963-09-16,M,IN,IN,Guwahati,Assam,EAST,BR-016,Self-Employed Consultant,1418000,MEDIUM,False,UZKPS1562Q,+91-6346709900,farhan.sharma28@example.in,2024-09-17,2025-08-31
CUST-0145,Joseph Kulkarni,INDIVIDUAL,2003-10-14,M,IN,IN,Mumbai,Maharashtra,WEST,BR-002,Student,75000,LOW,False,KAGPS2362Y,+91-9182611003,joseph.kulkarni39@example.in,2015-08-23,2026-02-28
CUST-0146,Bhavana Khan,INDIVIDUAL,1993-03-07,F,IN,IN,Surat,Gujarat,WEST,BR-005,Shop Owner,2084000,MEDIUM,False,WXCPQ5666B,+91-6569319938,bhavana.khan30@example.in,2013-09-14,2024-11-28
CUST-0147,Divya Verma,INDIVIDUAL,1995-02-23,F,IN,IN,Kolkata,West Bengal,EAST,BR-015,Homemaker,71000,LOW,False,LRMPN3043V,+91-9192013357,divya.verma99@example.in,2018-08-16,2024-05-19
CUST-0148,Rajesh Mehta,INDIVIDUAL,1995-03-01,M,IN,IN,Surat,Gujarat,WEST,BR-005,Shop Owner,1992000,MEDIUM,False,KLDPC0085J,+91-9486458467,rajesh.mehta98@example.in,2018-01-18,2023-07-29
CUST-0149,Royal Textiles,ENTITY,2009-11-19,,IN,IN,Kolkata,West Bengal,EAST,BR-014,Jewellery Retail,179514530,LOW,False,CLRCC9780T,+91-8513646070,royal.textiles2@example.in,2018-07-18,2025-04-27
CUST-0150,Kiran Chatterjee,INDIVIDUAL,1975-03-19,M,IN,IN,Kochi,Kerala,SOUTH,BR-013,Student,136000,LOW,False,IJIPP2390C,+91-7566730092,kiran.chatterjee36@example.in,2021-06-11,2024-09-05
CUST-0151,Sanjay Joshi,INDIVIDUAL,1986-08-20,M,IN,IN,New Delhi,Delhi,NORTH,BR-007,Doctor,5359000,LOW,False,EJAPM5443T,+91-9963370520,sanjay.joshi43@example.in,2021-11-15,2024-11-16
CUST-0152,Vikram Pillai,INDIVIDUAL,2002-12-22,M,IN,IN,Hyderabad,Telangana,SOUTH,BR-011,Student,52000,LOW,False,MKJPX8044S,+91-7449917685,vikram.pillai49@example.in,2018-04-15,2025-03-15
CUST-0153,Gaurav Kumar,INDIVIDUAL,1961-03-16,M,IN,IN,Kolkata,West Bengal,EAST,BR-015,Homemaker,144000,MEDIUM,False,GOZPJ1133Z,+91-9822604249,gaurav.kumar64@example.in,2015-02-14,2024-09-12
CUST-0154,Ravi Malhotra,INDIVIDUAL,1980-02-22,M,IN,IN,Guwahati,Assam,EAST,BR-016,Shop Owner,655000,LOW,False,RQWPN8907B,+91-8853374076,ravi.malhotra69@example.in,2025-04-26,2023-06-24
CUST-0155,Pioneer Exports,ENTITY,1986-12-27,,IN,IN,Kochi,Kerala,SOUTH,BR-013,Jewellery Retail,194464472,HIGH,False,KZNCD0172D,+91-8338371847,pioneer.exports66@example.in,2023-08-20,2026-02-16
CUST-0156,Nikhil Fernandes,INDIVIDUAL,1994-08-24,M,IN,IN,Surat,Gujarat,WEST,BR-005,Shop Owner,1471000,LOW,False,APDPJ6815C,+91-6992620629,nikhil.fernandes94@example.in,2015-03-06,2024-12-14
CUST-0157,Neha Naidu,INDIVIDUAL,1964-05-18,F,IN,IN,Kolkata,West Bengal,EAST,BR-015,Chartered Accountant,2997000,MEDIUM,False,OKCPJ0732Z,+91-6124250578,neha.naidu44@example.in,2014-06-14,2023-12-03
CUST-0158,Siddharth Kumar,INDIVIDUAL,1969-11-05,M,IN,IN,Kolkata,West Bengal,EAST,BR-014,Retired,367000,HIGH,False,HZMPU3022F,+91-9524753348,siddharth.kumar4@example.in,2016-06-04,2025-07-09
CUST-0159,Priya Bose,INDIVIDUAL,1993-09-30,F,IN,IN,Pune,Maharashtra,WEST,BR-003,Doctor,3534000,LOW,False,ZRFPL5340G,+91-9222358216,priya.bose34@example.in,2022-12-23,2025-12-16
CUST-0160,Aishwarya D'Souza,INDIVIDUAL,1970-04-01,F,IN,IN,Chennai,Tamil Nadu,SOUTH,BR-012,Student,102000,LOW,False,OTFPV4873T,+91-6821672704,aishwarya.dsouza18@example.in,2019-01-09,2023-08-30
CUST-0161,Rahul Fernandes,INDIVIDUAL,1982-11-30,M,IN,IN,Kochi,Kerala,SOUTH,BR-013,Self-Employed Consultant,1292000,LOW,False,ESMPN3043P,+91-7695832844,rahul.fernandes22@example.in,2022-12-25,2024-08-14
CUST-0162,Metro Motors,ENTITY,2001-02-08,,IN,IN,Mumbai,Maharashtra,WEST,BR-001,Import/Export,39391162,LOW,False,GMRCQ8109N,+91-9546279777,metro.motors91@example.in,2021-12-15,2025-09-27
CUST-0163,Srinivas Banerjee,INDIVIDUAL,1972-04-30,M,IN,IN,Jaipur,Rajasthan,NORTH,BR-008,Lawyer,1037000,LOW,False,FYOPS8115R,+91-6714947037,srinivas.banerjee15@example.in,2018-01-03,2026-01-17
CUST-0164,Shreya Gupta,INDIVIDUAL,1984-07-04,F,IN,IN,New Delhi,Delhi,NORTH,BR-007,Self-Employed Consultant,2551000,HIGH,False,DXUPY4055J,+91-6582896428,shreya.gupta34@example.in,2019-10-26,2023-06-28
CUST-0165,Venkat Chatterjee,INDIVIDUAL,1991-11-18,M,IN,IN,Kolkata,West Bengal,EAST,BR-014,Doctor,4141000,LOW,False,EZGPG0972S,+91-8671532152,venkat.chatterjee36@example.in,2025-05-21,2026-01-08
CUST-0166,Lakshmi Kulkarni,INDIVIDUAL,1961-01-30,F,IN,IN,Kolkata,West Bengal,EAST,BR-014,Retired,299000,MEDIUM,False,IUEPW2174H,+91-7863854401,lakshmi.kulkarni42@example.in,2017-07-20,2025-03-15
CUST-0167,Keerthi Jain,INDIVIDUAL,1963-05-22,F,IN,IN,Pune,Maharashtra,WEST,BR-003,Shop Owner,1447000,LOW,False,XIWPL7449P,+91-8724870012,keerthi.jain1@example.in,2014-02-02,2025-07-27
CUST-0168,Diya Agarwal,INDIVIDUAL,1969-07-02,F,IN,IN,Guwahati,Assam,EAST,BR-016,Doctor,4804000,LOW,False,JKRPS2139S,+91-9946434607,diya.agarwal44@example.in,2013-01-31,2023-04-05
CUST-0169,Shree Enterprises,ENTITY,2004-10-18,,IN,IN,Kolkata,West Bengal,EAST,BR-015,IT Services,36204188,LOW,False,NGWCE4945F,+91-8200223044,shree.enterprises84@example.in,2020-01-31,2024-05-27
CUST-0170,Om Traders,ENTITY,2013-01-23,,IN,IN,Bengaluru,Karnataka,SOUTH,BR-010,Logistics,63196064,MEDIUM,False,YHNCU1494W,+91-6101166414,om.traders28@example.in,2022-09-11,2023-06-09
CUST-0171,Metro Traders,ENTITY,2016-03-15,,IN,IN,Hyderabad,Telangana,SOUTH,BR-011,Jewellery Retail,32164279,MEDIUM,False,NWECP1160H,+91-9195918514,metro.traders94@example.in,2014-04-19,2023-07-31
CUST-0172,Pooja D'Souza,INDIVIDUAL,1990-05-17,F,IN,IN,Surat,Gujarat,WEST,BR-005,Salaried - Private,1645000,LOW,False,SATPU2688O,+91-8875705487,pooja.dsouza28@example.in,2015-05-25,2025-04-23
CUST-0173,Neha Nair,INDIVIDUAL,1993-10-02,F,IN,IN,Ahmedabad,Gujarat,WEST,BR-004,Salaried - Government,693000,LOW,False,MLNPK2290H,+91-8792156071,neha.nair11@example.in,2017-07-25,2026-02-07
CUST-0174,Rekha Verma,INDIVIDUAL,1969-03-20,F,IN,IN,New Delhi,Delhi,NORTH,BR-007,Homemaker,79000,MEDIUM,False,JUBPZ3921P,+91-9221057584,rekha.verma31@example.in,2023-03-16,2026-05-01
CUST-0175,Pioneer Overseas,ENTITY,1990-12-03,,IN,IN,Kochi,Kerala,SOUTH,BR-013,Wholesale Trading,62476240,MEDIUM,False,SNLCR2830Y,+91-9927175323,pioneer.overseas10@example.in,2012-05-16,2026-04-17
CUST-0176,Galaxy Traders,ENTITY,2020-05-28,,IN,IN,Kochi,Kerala,SOUTH,BR-013,Import/Export,41231984,LOW,False,UWQCY6806N,+91-9188506190,galaxy.traders82@example.in,2024-01-13,2026-01-06
CUST-0177,Diya Menon,INDIVIDUAL,1969-02-11,F,IN,IN,Surat,Gujarat,WEST,BR-005,Salaried - Government,1472000,LOW,False,MSUPY1083J,+91-9883786839,diya.menon31@example.in,2013-04-19,2024-05-15
CUST-0178,Ganesh Textiles,ENTITY,2012-04-24,,IN,IN,Mumbai,Maharashtra,WEST,BR-002,IT Services,97181084,LOW,False,XVXCF1956A,+91-7853229478,ganesh.textiles2@example.in,2015-09-04,2025-10-13
CUST-0179,Kavya Fernandes,INDIVIDUAL,1992-11-16,F,IN,IN,Ahmedabad,Gujarat,WEST,BR-004,Salaried - Private,863000,MEDIUM,False,AKZPN4456Q,+91-6382340033,kavya.fernandes92@example.in,2024-12-06,2023-06-07
CUST-0180,Ananya Choudhary,INDIVIDUAL,1992-12-26,F,IN,IN,New Delhi,Delhi,NORTH,BR-006,Student,43000,LOW,False,DSVPX1889H,+91-6147285340,ananya.choudhary2@example.in,2017-06-26,2023-04-05
CUST-0181,Pooja Kumar,INDIVIDUAL,1992-01-11,F,IN,IN,Kolkata,West Bengal,EAST,BR-014,Salaried - IT,2918000,LOW,False,HNXPK4444C,+91-8228205773,pooja.kumar65@example.in,2013-03-07,2024-01-03
CUST-0182,Manoj Rao,INDIVIDUAL,1994-09-12,M,IN,IN,Bengaluru,Karnataka,SOUTH,BR-010,Farmer,446000,LOW,False,ROAPL3287J,+91-8894113665,manoj.rao80@example.in,2017-06-10,2025-08-08
CUST-0183,Neha Chatterjee,INDIVIDUAL,2002-10-20,F,IN,IN,Mumbai,Maharashtra,WEST,BR-001,Student,21000,LOW,False,LUWPA5488A,+91-9892510222,neha.chatterjee94@example.in,2018-11-24,2023-08-01
CUST-0184,Deepak Choudhary,INDIVIDUAL,1991-12-03,M,IN,IN,Amritsar,Punjab,NORTH,BR-009,Salaried - IT,1197000,LOW,False,HQNPW6102O,+91-6723597716,deepak.choudhary13@example.in,2023-05-03,2023-10-01
CUST-0185,Diya Reddy,INDIVIDUAL,1965-11-11,F,IN,IN,Jaipur,Rajasthan,NORTH,BR-008,Shop Owner,1889000,LOW,False,KZMPW5345K,+91-9392010397,diya.reddy30@example.in,2013-09-03,2024-02-20
CUST-0186,Ganesh Exports,ENTITY,1992-05-17,,IN,IN,Kolkata,West Bengal,EAST,BR-015,Real Estate,68362286,LOW,False,NDRCL3401O,+91-8597514616,ganesh.exports34@example.in,2014-09-09,2023-07-05
CUST-0187,Rekha Gupta,INDIVIDUAL,1966-08-27,F,IN,IN,Pune,Maharashtra,WEST,BR-003,Doctor,3949000,MEDIUM,False,LMQPB4896I,+91-7133374137,rekha.gupta52@example.in,2022-02-21,2026-02-12
CUST-0188,Rohan Chopra,INDIVIDUAL,1965-06-12,M,IN,IN,Mumbai,Maharashtra,WEST,BR-001,Salaried - Government,693000,LOW,False,YHEPG6563L,+91-6725265416,rohan.chopra76@example.in,2017-10-21,2023-06-03
CUST-0189,Galaxy Overseas,ENTITY,2004-11-22,,IN,IN,Surat,Gujarat,WEST,BR-005,Wholesale Trading,106702893,LOW,False,ZKDCB7552B,+91-7716203465,galaxy.overseas56@example.in,2020-11-09,2025-10-13
CUST-0190,Royal Exports,ENTITY,1994-08-19,,IN,IN,New Delhi,Delhi,NORTH,BR-006,Logistics,57505459,LOW,False,OEBCT4026U,+91-8635680789,royal.exports53@example.in,2024-05-08,2025-09-08
CUST-0191,Global Exports,ENTITY,1993-12-12,,IN,IN,Jaipur,Rajasthan,NORTH,BR-008,Import/Export,137537491,LOW,False,ZRZCA6266Z,+91-8615057244,global.exports70@example.in,2022-11-14,2024-12-05
CUST-0192,Ritu Kulkarni,INDIVIDUAL,1974-04-21,F,IN,IN,Jaipur,Rajasthan,NORTH,BR-008,Salaried - Private,354000,LOW,False,ZYIPB7728Q,+91-8923390510,ritu.kulkarni75@example.in,2017-03-21,2023-11-23
CUST-0193,Sunrise Logistics,ENTITY,2019-04-11,,IN,IN,Jaipur,Rajasthan,NORTH,BR-008,Logistics,17503932,LOW,False,ZMLCF2885H,+91-8965661638,sunrise.logistics95@example.in,2020-01-18,2026-04-26
CUST-0194,Pioneer Motors,ENTITY,2010-04-05,,IN,IN,New Delhi,Delhi,NORTH,BR-007,Logistics,29072646,MEDIUM,False,ZPRCJ2876P,+91-6196913120,pioneer.motors8@example.in,2017-03-20,2026-05-17
CUST-0195,Priya Khan,INDIVIDUAL,1971-09-15,F,IN,IN,Hyderabad,Telangana,SOUTH,BR-011,Student,52000,MEDIUM,False,ZKBPA2420S,+91-7931469703,priya.khan15@example.in,2023-10-21,2025-01-17
CUST-0196,Rekha Agarwal,INDIVIDUAL,1990-03-12,F,IN,IN,Bengaluru,Karnataka,SOUTH,BR-010,Student,26000,LOW,False,FXNPZ7982U,+91-8287048690,rekha.agarwal91@example.in,2024-08-08,2026-06-10
CUST-0197,Joseph Kumar,INDIVIDUAL,1992-12-03,M,IN,IN,Bengaluru,Karnataka,SOUTH,BR-010,Shop Owner,1143000,LOW,False,XAWPS6415Y,+91-6295508799,joseph.kumar78@example.in,2019-02-19,2026-06-06
CUST-0198,Tarun Choudhary,INDIVIDUAL,1993-06-07,M,IN,IN,Pune,Maharashtra,WEST,BR-003,Salaried - Private,994000,LOW,False,KFUPC5500O,+91-6384769690,tarun.choudhary27@example.in,2017-08-06,2023-05-19
CUST-0199,Kiran Sharma,INDIVIDUAL,1979-08-28,M,IN,IN,Kolkata,West Bengal,EAST,BR-014,Salaried - IT,2218000,HIGH,False,NPMPL8946M,+91-6989924715,kiran.sharma62@example.in,2024-12-18,2024-04-06
CUST-0200,Srinivas Gupta,INDIVIDUAL,1974-04-18,M,IN,IN,Amritsar,Punjab,NORTH,BR-009,Lawyer,984000,HIGH,False,CKFPM2636X,+91-6687386446,srinivas.gupta12@example.in,2019-07-31,2026-05-01
CUST-0201,Rekha Verma,INDIVIDUAL,1989-04-27,F,IN,IN,New Delhi,Delhi,NORTH,BR-006,Shop Owner,2476000,LOW,False,NFBPD5424G,+91-7539460908,rekha.verma90@example.in,2024-06-05,2026-01-11
CUST-0202,Lakshmi Chatterjee,INDIVIDUAL,1977-08-16,F,IN,IN,Guwahati,Assam,EAST,BR-016,Salaried - Government,504000,LOW,False,LANPC4825V,+91-9314399191,lakshmi.chatterjee13@example.in,2012-07-29,2024-02-28
CUST-0203,Diya Naidu,INDIVIDUAL,1995-03-17,F,IN,IN,Kochi,Kerala,SOUTH,BR-013,Salaried - Government,1046000,LOW,False,VICPU8914M,+91-7498380251,diya.naidu49@example.in,2020-04-14,2024-01-18
CUST-0204,Fatima Chopra,INDIVIDUAL,1972-01-18,F,IN,IN,Mumbai,Maharashtra,WEST,BR-002,Lawyer,1848000,LOW,False,WVDPC5632Z,+91-9912239392,fatima.chopra76@example.in,2017-02-06,2026-02-07
CUST-0205,Royal Jewellers,ENTITY,2006-04-20,,IN,IN,Jaipur,Rajasthan,NORTH,BR-008,IT Services,107216696,LOW,False,CMWCB8226S,+91-7229151674,royal.jewellers97@example.in,2022-01-26,2023-12-21
CUST-0206,Amit Das,INDIVIDUAL,1978-12-28,M,IN,IN,Pune,Maharashtra,WEST,BR-003,Salaried - Private,389000,HIGH,False,NGUPE9749I,+91-8880720904,amit.das9@example.in,2013-12-13,2025-03-05
CUST-0207,Meera Chopra,INDIVIDUAL,1986-05-10,F,IN,IN,Kolkata,West Bengal,EAST,BR-014,Salaried - IT,3213000,LOW,False,EESPS9546Y,+91-6213424523,meera.chopra73@example.in,2014-04-07,2024-08-08
CUST-0208,Sunita Joshi,INDIVIDUAL,1981-10-12,F,IN,IN,Guwahati,Assam,EAST,BR-016,Shop Owner,1873000,LOW,False,IMEPT9972V,+91-9141642429,sunita.joshi51@example.in,2019-06-08,2024-05-01
CUST-0209,Apex Overseas,ENTITY,1985-11-28,,IN,IN,Hyderabad,Telangana,SOUTH,BR-011,Jewellery Retail,228000000,MEDIUM,False,JJICP1609H,+91-7422638422,apex.overseas96@example.in,2021-12-08,2024-10-19
CUST-0210,Aishwarya Nair,INDIVIDUAL,1969-06-25,F,IN,IN,Kolkata,West Bengal,EAST,BR-014,Doctor,4905000,MEDIUM,False,YQLPB8442Z,+91-7170455681,aishwarya.nair40@example.in,2023-05-14,2025-04-06
CUST-0211,Shree Exports,ENTITY,1994-01-02,,IN,IN,Mumbai,Maharashtra,WEST,BR-002,Real Estate,91744543,LOW,False,OBLCW3262I,+91-8984233149,shree.exports60@example.in,2023-04-30,2025-03-23
CUST-0212,Joseph Verma,INDIVIDUAL,1981-12-04,M,IN,IN,Kolkata,West Bengal,EAST,BR-015,Doctor,4324000,LOW,False,PSRPL5640F,+91-8904190892,joseph.verma89@example.in,2014-01-10,2024-08-06
CUST-0213,Om Realty,ENTITY,2019-12-25,,IN,IN,New Delhi,Delhi,NORTH,BR-007,Wholesale Trading,96807176,MEDIUM,False,UHVCG4408U,+91-9651131533,om.realty3@example.in,2012-03-13,2025-08-28
CUST-0214,Imran Sharma,INDIVIDUAL,1987-04-16,M,IN,IN,Bengaluru,Karnataka,SOUTH,BR-010,Doctor,3317000,MEDIUM,False,WUIPN6168L,+91-9370581558,imran.sharma28@example.in,2022-06-20,2024-09-10
CUST-0215,Nandini Iyer,INDIVIDUAL,1989-09-17,F,IN,IN,Chennai,Tamil Nadu,SOUTH,BR-012,Salaried - IT,2745000,LOW,False,TTJPJ1771P,+91-6461081823,nandini.iyer36@example.in,2019-04-17,2024-07-21
CUST-0216,Neha Mehta,INDIVIDUAL,1995-05-11,F,IN,IN,Mumbai,Maharashtra,WEST,BR-002,Retired,451000,MEDIUM,False,ZZTPM5236V,+91-7874471936,neha.mehta4@example.in,2023-02-26,2024-08-28
CUST-0217,Ritu D'Souza,INDIVIDUAL,1986-02-25,F,IN,IN,New Delhi,Delhi,NORTH,BR-007,Self-Employed Consultant,848000,LOW,False,WHVPR7794V,+91-8644725181,ritu.dsouza39@example.in,2015-10-24,2026-02-17
CUST-0218,Pranav Shah,INDIVIDUAL,1992-07-12,M,IN,IN,New Delhi,Delhi,NORTH,BR-006,Self-Employed Consultant,1784000,MEDIUM,False,KUCPH5820H,+91-8551478978,pranav.shah43@example.in,2020-05-02,2024-06-17
CUST-0219,Sneha Naidu,INDIVIDUAL,1986-03-06,F,IN,IN,Pune,Maharashtra,WEST,BR-003,Salaried - IT,3260000,LOW,False,GQDPV6253Q,+91-8543570539,sneha.naidu7@example.in,2015-05-20,2023-10-09
CUST-0220,Sunita Chopra,INDIVIDUAL,1992-02-07,F,IN,IN,New Delhi,Delhi,NORTH,BR-006,Salaried - Private,963000,MEDIUM,False,PKUPF5134U,+91-6105061082,sunita.chopra58@example.in,2018-02-18,2024-03-04
CUST-0221,Gaurav Singh,INDIVIDUAL,1965-10-21,M,IN,IN,Kolkata,West Bengal,EAST,BR-014,Farmer,242000,LOW,False,MNPPM0076B,+91-7884539206,gaurav.singh48@example.in,2012-04-25,2024-10-21
CUST-0222,Aarav Sharma,INDIVIDUAL,1971-02-28,M,IN,IN,Jaipur,Rajasthan,NORTH,BR-008,Homemaker,192000,LOW,False,LJEPD6284Q,+91-8279336562,aarav.sharma9@example.in,2013-01-09,2024-09-02
CUST-0223,Sahana Khan,INDIVIDUAL,1990-10-22,F,IN,IN,Surat,Gujarat,WEST,BR-005,Shop Owner,2362000,LOW,False,PLYPG2701Z,+91-9120535029,sahana.khan30@example.in,2017-01-11,2023-09-26
CUST-0224,Gaurav Singh,INDIVIDUAL,1991-11-24,M,IN,IN,Mumbai,Maharashtra,WEST,BR-002,Salaried - Government,1168000,LOW,False,UIYPR0796T,+91-6810784787,gaurav.singh14@example.in,2012-06-10,2023-04-09
CUST-0225,Fatima D'Souza,INDIVIDUAL,1981-04-12,F,IN,IN,Surat,Gujarat,WEST,BR-005,Homemaker,138000,LOW,False,VUAPJ6895V,+91-6811335671,fatima.dsouza67@example.in,2018-01-20,2026-06-29
CUST-0226,Deepak Iyer,INDIVIDUAL,1960-04-12,M,IN,IN,Bengaluru,Karnataka,SOUTH,BR-010,Retired,847000,LOW,False,DPGPT3272Y,+91-8992815061,deepak.iyer67@example.in,2016-07-10,2025-01-03
CUST-0227,Kavya Gupta,INDIVIDUAL,1995-11-02,F,IN,IN,New Delhi,Delhi,NORTH,BR-007,Retired,720000,LOW,False,PKHPA0208V,+91-6218574293,kavya.gupta74@example.in,2023-01-30,2023-11-02
CUST-0228,Kiran Iyer,INDIVIDUAL,1970-05-15,M,IN,IN,Kolkata,West Bengal,EAST,BR-015,Lawyer,3602000,HIGH,False,JIOPB1635F,+91-6411994135,kiran.iyer47@example.in,2019-01-05,2025-05-22
CUST-0229,Naveen Gupta,INDIVIDUAL,1989-10-03,M,IN,IN,New Delhi,Delhi,NORTH,BR-006,Salaried - IT,1180000,LOW,False,OTIPX1522L,+91-8296354549,naveen.gupta15@example.in,2020-12-27,2025-03-30
CUST-0230,Ritu Naidu,INDIVIDUAL,1995-09-30,F,IN,IN,New Delhi,Delhi,NORTH,BR-006,Shop Owner,1860000,LOW,False,WXBPF1699N,+91-9961425250,ritu.naidu73@example.in,2021-10-29,2024-01-07
CUST-0231,Aishwarya Verma,INDIVIDUAL,1965-11-10,F,IN,IN,Guwahati,Assam,EAST,BR-016,Homemaker,190000,MEDIUM,False,DNOPB1037I,+91-8113271672,aishwarya.verma91@example.in,2023-10-09,2026-03-26
CUST-0232,Joseph Khan,INDIVIDUAL,1985-11-15,M,IN,IN,Ahmedabad,Gujarat,WEST,BR-004,Retired,748000,LOW,False,XHPPL6305E,+91-6112503578,joseph.khan83@example.in,2015-07-09,2025-11-01
CUST-0233,Kavya Rao,INDIVIDUAL,1970-10-21,F,IN,IN,Hyderabad,Telangana,SOUTH,BR-011,Farmer,486000,HIGH,False,BQHPR6203M,+91-7184643708,kavya.rao59@example.in,2021-12-17,2026-03-19
CUST-0234,Fatima Pillai,INDIVIDUAL,1993-06-05,F,IN,IN,Mumbai,Maharashtra,WEST,BR-001,Salaried - Government,1443000,LOW,False,NBRPR0002C,+91-8645823493,fatima.pillai72@example.in,2016-08-21,2025-07-23
CUST-0235,Ananya Banerjee,INDIVIDUAL,1985-02-15,F,IN,IN,Guwahati,Assam,EAST,BR-016,Farmer,498000,MEDIUM,False,LWOPD1596Y,+91-7102358958,ananya.banerjee44@example.in,2019-12-19,2024-08-20
CUST-0236,Rekha Iyer,INDIVIDUAL,1982-02-01,F,IN,IN,Surat,Gujarat,WEST,BR-005,Salaried - IT,1288000,MEDIUM,False,XXNPD4166T,+91-7301373196,rekha.iyer16@example.in,2020-10-23,2024-03-17
CUST-0237,Ravi Khan,INDIVIDUAL,1962-01-31,M,IN,IN,Ahmedabad,Gujarat,WEST,BR-004,Salaried - Government,1269000,MEDIUM,False,OOVPS8260E,+91-9104657489,ravi.khan68@example.in,2013-02-01,2026-02-07
CUST-0238,Mary Kumar,INDIVIDUAL,1992-10-07,F,IN,IN,Surat,Gujarat,WEST,BR-005,Self-Employed Consultant,1428000,LOW,False,VTTPK8259M,+91-9753901994,mary.kumar89@example.in,2017-07-26,2024-07-14
CUST-0239,Lakshmi Kapoor,INDIVIDUAL,1978-07-07,F,IN,IN,Bengaluru,Karnataka,SOUTH,BR-010,Salaried - Private,589000,MEDIUM,False,RKWPX9069U,+91-7315703009,lakshmi.kapoor27@example.in,2018-07-08,2024-12-08
CUST-0240,Ravi Kumar,INDIVIDUAL,1986-02-22,M,IN,IN,Hyderabad,Telangana,SOUTH,BR-011,Retired,768000,MEDIUM,False,YLRPP9548S,+91-9823963430,ravi.kumar96@example.in,2023-12-22,2024-08-08
CUST-0241,Priya Iyer,INDIVIDUAL,1966-07-09,F,IN,IN,Mumbai,Maharashtra,WEST,BR-002,Salaried - IT,2197000,LOW,False,GIYPZ2636J,+91-8257226287,priya.iyer8@example.in,2018-08-14,2024-02-22
CUST-0242,Sanjay Kapoor,INDIVIDUAL,1993-04-20,M,IN,IN,Kochi,Kerala,SOUTH,BR-013,Salaried - Government,870000,LOW,False,ZZZPW4712W,+91-6509721231,sanjay.kapoor50@example.in,2021-05-05,2024-10-02
CUST-0243,Aarav Joshi,INDIVIDUAL,1970-02-12,M,IN,IN,Chennai,Tamil Nadu,SOUTH,BR-012,Doctor,4916000,MEDIUM,False,RXTPG3170J,+91-9290509600,aarav.joshi88@example.in,2013-09-02,2024-01-18
CUST-0244,Manoj Gupta,INDIVIDUAL,1984-12-19,M,IN,IN,Amritsar,Punjab,NORTH,BR-009,Shop Owner,1085000,LOW,False,SIAPK7640W,+91-7142885885,manoj.gupta20@example.in,2019-03-27,2026-05-07
CUST-0245,Vertex Textiles,ENTITY,1988-04-09,,IN,IN,Hyderabad,Telangana,SOUTH,BR-011,Logistics,58061434,LOW,False,FQCCZ8276F,+91-9683127878,vertex.textiles69@example.in,2021-01-17,2023-07-08
CUST-0246,Joseph Khan,INDIVIDUAL,1973-03-02,M,IN,IN,New Delhi,Delhi,NORTH,BR-007,Chartered Accountant,2513000,HIGH,False,TQPPR0144D,+91-8578531560,joseph.khan31@example.in,2017-06-20,2023-03-23
CUST-0247,Ritu Patel,INDIVIDUAL,1984-03-26,F,IN,IN,Bengaluru,Karnataka,SOUTH,BR-010,Shop Owner,1038000,LOW,False,QYLPQ8335O,+91-9147085363,ritu.patel38@example.in,2016-04-26,2024-10-18
CUST-0248,Rahul Sharma,INDIVIDUAL,1969-06-15,M,IN,IN,New Delhi,Delhi,NORTH,BR-007,Homemaker,17000,MEDIUM,False,NDGPR7130U,+91-6901967913,rahul.sharma88@example.in,2015-06-13,2023-02-18
CUST-0249,Ananya Nair,INDIVIDUAL,1967-12-26,F,IN,IN,Amritsar,Punjab,NORTH,BR-009,Salaried - Government,513000,LOW,False,SHIPN6357O,+91-9564957091,ananya.nair41@example.in,2012-05-18,2025-03-08
CUST-0250,Farhan Rao,INDIVIDUAL,1991-06-10,M,IN,IN,Pune,Maharashtra,WEST,BR-003,Self-Employed Consultant,890000,LOW,False,QDJPZ4937T,+91-6402277050,farhan.rao98@example.in,2021-10-25,2025-02-20
CUST-0251,Pranav Singh,INDIVIDUAL,1961-02-12,M,IN,IN,Kochi,Kerala,SOUTH,BR-013,Retired,430000,MEDIUM,False,RJUPE4883V,+91-8111972445,pranav.singh71@example.in,2024-06-13,2023-10-17
CUST-0252,Global Jewellers,ENTITY,1988-10-26,,IN,IN,Bengaluru,Karnataka,SOUTH,BR-010,Wholesale Trading,93487621,LOW,False,XXLCG6760U,+91-7272823429,global.jewellers24@example.in,2016-12-13,2026-06-17
CUST-0253,Rohan Kumar,INDIVIDUAL,1962-06-10,M,IN,IN,Kolkata,West Bengal,EAST,BR-015,Homemaker,148000,LOW,False,CJVPC4107D,+91-7879095530,rohan.kumar75@example.in,2022-12-05,2024-11-08
CUST-0254,Rohan Deshpande,INDIVIDUAL,1977-05-11,M,IN,IN,Hyderabad,Telangana,SOUTH,BR-011,Student,18000,LOW,False,KTVPJ9571E,+91-8967261018,rohan.deshpande41@example.in,2021-08-09,2023-12-12
CUST-0255,Sunrise Commodities LLP,ENTITY,1997-05-31,,IN,IN,Chennai,Tamil Nadu,SOUTH,BR-012,Jewellery Retail,147071163,LOW,False,XKPCO7296L,+91-8622881542,sunrise.commodities.llp71@example.in,2014-06-10,2023-12-26
CUST-0256,Mahesh Kulkarni,INDIVIDUAL,1968-10-23,M,IN,IN,Amritsar,Punjab,NORTH,BR-009,Salaried - Private,1429000,MEDIUM,False,UCXPC0305Q,+91-6972568129,mahesh.kulkarni75@example.in,2024-12-25,2025-04-09
CUST-0257,Tarun Gupta,INDIVIDUAL,1979-05-19,M,IN,IN,Guwahati,Assam,EAST,BR-016,Retired,473000,LOW,False,ELMPH9660X,+91-8243753906,tarun.gupta60@example.in,2023-03-29,2025-11-11
CUST-0258,Shree Tech Solutions,ENTITY,2012-07-18,,IN,IN,New Delhi,Delhi,NORTH,BR-006,Import/Export,89124077,MEDIUM,False,EOFCF9279S,+91-7890187877,shree.tech.solutions94@example.in,2022-11-04,2025-01-04
CUST-0259,Sunrise Enterprises,ENTITY,2001-07-28,,IN,IN,Jaipur,Rajasthan,NORTH,BR-008,IT Services,50481411,LOW,False,GQZCL6358P,+91-9149861842,sunrise.enterprises6@example.in,2019-04-08,2023-07-31
CUST-0260,Sahana Joshi,INDIVIDUAL,1975-08-06,F,IN,IN,Kochi,Kerala,SOUTH,BR-013,Student,142000,LOW,False,LSUPC8465I,+91-9339336253,sahana.joshi67@example.in,2021-02-06,2024-12-23
CUST-0261,Ayesha Naidu,INDIVIDUAL,2005-01-08,F,IN,IN,Surat,Gujarat,WEST,BR-005,Student,1000,LOW,False,HCQPU4600G,+91-7300688440,ayesha.naidu21@example.in,2020-02-15,2026-05-17
CUST-0262,Joseph Banerjee,INDIVIDUAL,1974-10-24,M,IN,IN,Ahmedabad,Gujarat,WEST,BR-004,Shop Owner,2201000,LOW,False,PPGPS2641U,+91-9124101254,joseph.banerjee32@example.in,2012-12-19,2023-09-19
CUST-0263,Karan Gupta,INDIVIDUAL,1965-01-06,M,IN,IN,New Delhi,Delhi,NORTH,BR-006,Student,38000,LOW,False,FQMPT9234U,+91-6872608028,karan.gupta94@example.in,2018-05-11,2023-06-25
CUST-0264,Ayesha Singh,INDIVIDUAL,1986-12-14,F,IN,IN,Surat,Gujarat,WEST,BR-005,Doctor,4645000,MEDIUM,False,YFTPV8369I,+91-7877589651,ayesha.singh88@example.in,2019-09-08,2025-07-17
CUST-0265,Suresh D'Souza,INDIVIDUAL,1964-11-13,M,IN,IN,Mumbai,Maharashtra,WEST,BR-001,Shop Owner,777000,LOW,False,QVNPE9920D,+91-7610960640,suresh.dsouza79@example.in,2025-06-14,2023-03-21
CUST-0266,Arjun Naidu,INDIVIDUAL,1987-01-26,M,IN,IN,Mumbai,Maharashtra,WEST,BR-001,Homemaker,34000,MEDIUM,False,YVUPN8553N,+91-8146641502,arjun.naidu90@example.in,2023-11-19,2025-05-28
CUST-0267,Ritu Sheikh,INDIVIDUAL,1998-03-04,F,IN,IN,Surat,Gujarat,WEST,BR-005,Student,25000,LOW,False,YHCPJ9802R,+91-9376815988,ritu.sheikh25@example.in,2012-02-14,2023-01-15
CUST-0268,Siddharth Sharma,INDIVIDUAL,1969-03-19,M,IN,IN,Hyderabad,Telangana,SOUTH,BR-011,Shop Owner,1872000,LOW,False,DENPU9590I,+91-8675638242,siddharth.sharma55@example.in,2024-08-30,2025-01-18
CUST-0269,Neha Jain,INDIVIDUAL,1976-08-22,F,IN,IN,New Delhi,Delhi,NORTH,BR-006,Retired,784000,LOW,False,RPIPJ9464L,+91-9890040374,neha.jain18@example.in,2014-09-02,2024-04-15
CUST-0270,Rohan Bose,INDIVIDUAL,1990-04-06,M,IN,IN,Hyderabad,Telangana,SOUTH,BR-011,Retired,620000,MEDIUM,False,TWVPW0852F,+91-9782767320,rohan.bose1@example.in,2014-01-16,2023-10-25
CUST-0271,Diya Rao,INDIVIDUAL,1976-08-19,F,IN,IN,Pune,Maharashtra,WEST,BR-003,Lawyer,1830000,LOW,False,XMMPT8536J,+91-6930655747,diya.rao23@example.in,2023-02-01,2025-06-18
CUST-0272,Vertex Impex,ENTITY,2020-03-02,,IN,IN,Jaipur,Rajasthan,NORTH,BR-008,Logistics,14510970,LOW,False,VBLCH0004F,+91-6396284956,vertex.impex52@example.in,2019-12-02,2025-03-20
CUST-0273,Siddharth Sharma,INDIVIDUAL,1964-01-17,M,IN,IN,Bengaluru,Karnataka,SOUTH,BR-010,Self-Employed Consultant,987000,MEDIUM,False,RSLPL4530H,+91-7588293766,siddharth.sharma52@example.in,2024-11-22,2023-01-10
CUST-0274,Mary Iyer,INDIVIDUAL,1977-07-27,F,IN,IN,Bengaluru,Karnataka,SOUTH,BR-010,Retired,275000,LOW,False,DZQPI8813Z,+91-8845382835,mary.iyer57@example.in,2020-06-16,2026-02-27
CUST-0275,Venkat Khan,INDIVIDUAL,1986-04-28,M,IN,IN,Mumbai,Maharashtra,WEST,BR-001,Farmer,633000,LOW,False,ICMPU3610V,+91-7959166755,venkat.khan41@example.in,2021-04-01,2024-12-24
CUST-0276,Ravi Joshi,INDIVIDUAL,1964-03-03,M,IN,IN,Kochi,Kerala,SOUTH,BR-013,Doctor,3609000,LOW,False,KCRPF7807K,+91-8334683594,ravi.joshi74@example.in,2018-01-13,2024-01-10
CUST-0277,Pranav Das,INDIVIDUAL,1971-11-27,M,IN,IN,New Delhi,Delhi,NORTH,BR-007,Doctor,3230000,LOW,False,HTLPE1747D,+91-6825647741,pranav.das85@example.in,2023-01-18,2026-06-11
CUST-0278,Sai Realty,ENTITY,2001-08-26,,IN,IN,Hyderabad,Telangana,SOUTH,BR-011,Real Estate,169464295,LOW,False,SIPCF8374I,+91-9338470307,sai.realty97@example.in,2024-12-07,2023-09-20
CUST-0279,Prime Jewellers,ENTITY,2007-07-17,,IN,IN,Chennai,Tamil Nadu,SOUTH,BR-012,IT Services,19370484,LOW,False,VYFCO1972W,+91-9438927967,prime.jewellers89@example.in,2012-03-09,2023-01-25
CUST-0280,Nandini Iyer,INDIVIDUAL,1987-06-27,F,IN,IN,Amritsar,Punjab,NORTH,BR-009,Chartered Accountant,2516000,LOW,False,IHIPP5621L,+91-7635550230,nandini.iyer55@example.in,2016-09-20,2025-05-08
CUST-0281,Swati Agarwal,INDIVIDUAL,1968-01-26,F,IN,IN,Surat,Gujarat,WEST,BR-005,Lawyer,2790000,HIGH,False,VHDPX4422Z,+91-7696291839,swati.agarwal56@example.in,2020-07-17,2024-02-06
CUST-0282,Lakshmi Textiles,ENTITY,1992-12-03,,IN,IN,Kolkata,West Bengal,EAST,BR-014,Logistics,11307588,LOW,False,UQRCX5172Z,+91-9422159250,lakshmi.textiles33@example.in,2024-08-10,2026-03-08
CUST-0283,Om Traders,ENTITY,1996-05-29,,IN,IN,Guwahati,Assam,EAST,BR-016,Wholesale Trading,48919534,MEDIUM,False,DOXCK4256L,+91-8701671267,om.traders72@example.in,2017-10-12,2024-12-05
CUST-0284,Pioneer Realty,ENTITY,2012-03-01,,IN,IN,New Delhi,Delhi,NORTH,BR-007,Wholesale Trading,111212468,LOW,False,UURCF4663L,+91-8822835305,pioneer.realty66@example.in,2022-12-07,2025-07-04
CUST-0285,Aishwarya Deshpande,INDIVIDUAL,1967-07-08,F,IN,IN,Hyderabad,Telangana,SOUTH,BR-011,Farmer,301000,LOW,False,TSMPC1296F,+91-8345047145,aishwarya.deshpande41@example.in,2019-02-08,2024-08-19
CUST-0286,Meera Kapoor,INDIVIDUAL,1986-04-30,F,IN,IN,Kolkata,West Bengal,EAST,BR-015,Chartered Accountant,4136000,LOW,False,FAEPX3844V,+91-8898730065,meera.kapoor90@example.in,2013-10-17,2024-03-07
CUST-0287,Rohan Rao,INDIVIDUAL,1962-05-31,M,IN,IN,Mumbai,Maharashtra,WEST,BR-001,Farmer,725000,MEDIUM,False,QYCPD4300T,+91-7190528528,rohan.rao84@example.in,2020-09-28,2024-09-25
CUST-0288,Fatima Shah,INDIVIDUAL,1967-08-27,F,IN,IN,Mumbai,Maharashtra,WEST,BR-001,Salaried - Private,1404000,LOW,False,LKPPO8856I,+91-9245078524,fatima.shah90@example.in,2024-02-04,2023-12-29
CUST-0289,Keerthi Malhotra,INDIVIDUAL,1983-09-09,F,IN,IN,Bengaluru,Karnataka,SOUTH,BR-010,Retired,870000,MEDIUM,False,PRHPZ1467O,+91-8492756851,keerthi.malhotra53@example.in,2017-10-29,2023-11-15
CUST-0290,Siddharth Shah,INDIVIDUAL,1981-01-17,M,IN,IN,Mumbai,Maharashtra,WEST,BR-001,Chartered Accountant,2202000,LOW,False,PYPPJ0149Y,+91-9956808156,siddharth.shah38@example.in,2025-05-22,2024-04-18
CUST-0291,Neha Jain,INDIVIDUAL,1972-09-15,F,IN,IN,Jaipur,Rajasthan,NORTH,BR-008,Retired,658000,LOW,False,XUMPM3614I,+91-6553376084,neha.jain81@example.in,2017-05-16,2025-11-24
CUST-0292,Lakshmi Kulkarni,INDIVIDUAL,1963-01-26,F,IN,IN,New Delhi,Delhi,NORTH,BR-006,Shop Owner,894000,LOW,False,DUOPT7418I,+91-9301637382,lakshmi.kulkarni42@example.in,2012-06-07,2023-11-08
CUST-0293,Shree Exports,ENTITY,1997-08-28,,IN,IN,Amritsar,Punjab,NORTH,BR-009,Real Estate,67453830,LOW,False,OXACH1477E,+91-6629977010,shree.exports28@example.in,2019-09-01,2025-05-10
CUST-0294,Swati Chopra,INDIVIDUAL,1974-10-24,F,IN,IN,Pune,Maharashtra,WEST,BR-003,Self-Employed Consultant,833000,MEDIUM,False,EBIPY6429C,+91-9294995530,swati.chopra25@example.in,2017-08-10,2025-02-20
CUST-0295,Venkat Chatterjee,INDIVIDUAL,1979-11-14,M,IN,IN,Jaipur,Rajasthan,NORTH,BR-008,Shop Owner,2117000,MEDIUM,False,BGOPX1539Q,+91-7607692567,venkat.chatterjee50@example.in,2018-12-31,2024-10-23
CUST-0296,Kiran Patel,INDIVIDUAL,1988-08-22,M,IN,IN,Bengaluru,Karnataka,SOUTH,BR-010,Lawyer,2918000,LOW,False,BVGPD3866U,+91-9448443704,kiran.patel2@example.in,2015-10-03,2024-07-19
CUST-0297,Anjali Sharma,INDIVIDUAL,1995-02-22,F,IN,IN,Guwahati,Assam,EAST,BR-016,Salaried - IT,3037000,LOW,False,ELYPC4075F,+91-9198141669,anjali.sharma88@example.in,2019-08-04,2023-05-03
CUST-0298,Lakshmi Commodities LLP,ENTITY,1990-08-24,,IN,IN,Guwahati,Assam,EAST,BR-016,Logistics,24413864,LOW,False,RZUCY5690Z,+91-9887255513,lakshmi.commodities.llp25@example.in,2012-06-23,2025-02-12
CUST-0299,Rajesh Gupta,INDIVIDUAL,1985-01-28,M,IN,IN,Bengaluru,Karnataka,SOUTH,BR-010,Farmer,608000,LOW,False,PGSPF8906L,+91-8886411102,rajesh.gupta60@example.in,2018-03-05,2026-05-11
CUST-0300,Arjun Mehta,INDIVIDUAL,1971-10-24,M,IN,IN,Chennai,Tamil Nadu,SOUTH,BR-012,Farmer,460000,LOW,False,YUQPM3039A,+91-8933241446,arjun.mehta80@example.in,2017-05-10,2024-10-18
CUST-0301,Neha Choudhary,INDIVIDUAL,1982-07-02,F,IN,IN,Bengaluru,Karnataka,SOUTH,BR-010,Retired,361000,LOW,False,UKDPD8572V,+91-6147005473,neha.choudhary17@example.in,2016-01-03,2023-03-06
CUST-0302,Neha Iyer,INDIVIDUAL,1988-10-14,F,IN,IN,Kochi,Kerala,SOUTH,BR-013,Salaried - IT,2994000,LOW,False,QTWPS4193B,+91-8336999287,neha.iyer78@example.in,2013-08-03,2023-01-27
CUST-0303,Farhan Choudhary,INDIVIDUAL,1995-12-06,M,IN,IN,Mumbai,Maharashtra,WEST,BR-002,Salaried - Government,1381000,LOW,False,XNLPZ0955T,+91-8668031793,farhan.choudhary6@example.in,2013-07-30,2024-09-14
CUST-0304,Ganesh Enterprises,ENTITY,2008-11-06,,IN,IN,Kochi,Kerala,SOUTH,BR-013,Jewellery Retail,92013422,LOW,False,QVHCS2931R,+91-9901127771,ganesh.enterprises14@example.in,2024-12-06,2025-01-03
CUST-0305,Sneha Singh,INDIVIDUAL,1978-01-05,F,IN,IN,Hyderabad,Telangana,SOUTH,BR-011,Salaried - Private,1453000,LOW,False,RTOPL5163R,+91-8499130788,sneha.singh53@example.in,2021-08-28,2024-10-24
CUST-0306,Manoj Joshi,INDIVIDUAL,1980-01-27,M,IN,IN,Kochi,Kerala,SOUTH,BR-013,Chartered Accountant,2897000,LOW,False,BJTPA8480E,+91-8107053228,manoj.joshi39@example.in,2016-12-22,2024-03-15
CUST-0307,Venkat Kulkarni,INDIVIDUAL,1979-12-15,M,IN,IN,Surat,Gujarat,WEST,BR-005,Retired,736000,LOW,False,OLEPE4341L,+91-7350175561,venkat.kulkarni33@example.in,2018-09-26,2023-07-08
CUST-0308,Kiran Rao,INDIVIDUAL,1995-07-26,M,IN,IN,Guwahati,Assam,EAST,BR-016,Self-Employed Consultant,2061000,LOW,False,WWSPD9752U,+91-8140127441,kiran.rao94@example.in,2024-12-03,2025-02-20
CUST-0309,Orion Agencies,ENTITY,2004-06-25,,IN,IN,Kolkata,West Bengal,EAST,BR-014,Wholesale Trading,138083750,MEDIUM,False,DYHCX9868A,+91-9158119446,orion.agencies40@example.in,2023-10-05,2023-03-26
CUST-0310,Anil Banerjee,INDIVIDUAL,1990-03-20,M,IN,IN,Kochi,Kerala,SOUTH,BR-013,Salaried - Private,405000,HIGH,False,YTSPQ1475H,+91-9411152157,anil.banerjee51@example.in,2015-04-27,2023-09-28
CUST-0311,Nandini Reddy,INDIVIDUAL,1966-10-11,F,IN,IN,Pune,Maharashtra,WEST,BR-003,Retired,618000,LOW,False,NYWPE2209P,+91-7623836867,nandini.reddy51@example.in,2024-10-24,2024-02-06
CUST-0312,Suresh Rao,INDIVIDUAL,1979-04-17,M,IN,IN,Hyderabad,Telangana,SOUTH,BR-011,Lawyer,4158000,LOW,False,SCDPV6776N,+91-8473992719,suresh.rao25@example.in,2019-03-12,2024-12-06
CUST-0313,Venkat Menon,INDIVIDUAL,1987-08-23,M,IN,IN,Kolkata,West Bengal,EAST,BR-015,Salaried - Private,1033000,LOW,False,OBHPG6124E,+91-6220658235,venkat.menon95@example.in,2013-03-22,2024-05-12
CUST-0314,Naveen Deshpande,INDIVIDUAL,1991-02-14,M,IN,IN,Ahmedabad,Gujarat,WEST,BR-004,Salaried - IT,2039000,LOW,False,PAKPG8814G,+91-7686718533,naveen.deshpande67@example.in,2017-10-19,2026-01-28
CUST-0315,Ravi Verma,INDIVIDUAL,1989-10-06,M,IN,IN,Mumbai,Maharashtra,WEST,BR-002,Shop Owner,1722000,LOW,False,BJGPZ4444B,+91-9803040905,ravi.verma2@example.in,2013-06-29,2025-03-06
CUST-0316,Sneha Verma,INDIVIDUAL,1989-02-16,F,IN,IN,Kochi,Kerala,SOUTH,BR-013,Lawyer,4538000,LOW,False,MQWPD5168P,+91-6300164147,sneha.verma26@example.in,2023-03-25,2025-07-26
CUST-0317,Vihaan Chatterjee,INDIVIDUAL,1969-12-18,M,IN,IN,Guwahati,Assam,EAST,BR-016,Retired,519000,LOW,False,FALPV5765L,+91-8353622930,vihaan.chatterjee65@example.in,2018-03-09,2023-05-07
CUST-0318,Priya Kulkarni,INDIVIDUAL,1975-05-01,F,IN,IN,Kochi,Kerala,SOUTH,BR-013,Doctor,2472000,LOW,False,CXMPQ3726N,+91-7715145139,priya.kulkarni20@example.in,2021-07-25,2024-10-01
CUST-0319,Fatima Shah,INDIVIDUAL,1986-01-23,F,IN,IN,New Delhi,Delhi,NORTH,BR-007,Doctor,2362000,MEDIUM,False,JWWPQ2215N,+91-7804623475,fatima.shah73@example.in,2015-07-18,2024-10-12
CUST-0320,Ganesh Exports,ENTITY,1991-07-13,,IN,IN,Mumbai,Maharashtra,WEST,BR-001,Real Estate,125254453,MEDIUM,False,NNJCO4485E,+91-7214644955,ganesh.exports17@example.in,2016-02-22,2023-02-23
CUST-0321,Aishwarya Banerjee,INDIVIDUAL,1980-09-18,F,IN,IN,Mumbai,Maharashtra,WEST,BR-001,Student,60000,LOW,False,WYPPE8230T,+91-9864524716,aishwarya.banerjee84@example.in,2020-05-21,2024-01-12
CUST-0322,Ayesha Shah,INDIVIDUAL,1970-02-24,F,IN,IN,Mumbai,Maharashtra,WEST,BR-002,Salaried - Private,705000,LOW,False,AINPH3323Y,+91-7171013341,ayesha.shah23@example.in,2021-11-07,2026-06-17
CUST-0323,Fatima Chatterjee,INDIVIDUAL,1994-10-26,F,IN,IN,Mumbai,Maharashtra,WEST,BR-002,Shop Owner,1349000,LOW,False,MXKPM9370T,+91-6659042709,fatima.chatterjee14@example.in,2022-02-16,2025-07-24
CUST-0324,Ajay Chatterjee,INDIVIDUAL,1972-09-29,M,IN,IN,Mumbai,Maharashtra,WEST,BR-002,Retired,763000,LOW,False,QYUPB3110J,+91-9527392079,ajay.chatterjee39@example.in,2018-05-31,2025-08-02
CUST-0325,Aishwarya Reddy,INDIVIDUAL,1966-05-19,F,IN,IN,Kolkata,West Bengal,EAST,BR-015,Self-Employed Consultant,2868000,MEDIUM,False,OCXPQ1854F,+91-7522052175,aishwarya.reddy53@example.in,2019-04-03,2025-07-12
CUST-0326,Galaxy Overseas,ENTITY,1989-01-17,,IN,IN,Amritsar,Punjab,NORTH,BR-009,IT Services,76026547,LOW,False,UWZCF2024C,+91-6858305156,galaxy.overseas58@example.in,2020-02-21,2023-06-24
CUST-0327,Sahana Singh,INDIVIDUAL,1977-01-26,F,IN,IN,Mumbai,Maharashtra,WEST,BR-002,Shop Owner,1654000,MEDIUM,False,KSVPE2656E,+91-7925875822,sahana.singh92@example.in,2013-02-24,2025-05-09
CUST-0328,Lakshmi Kumar,INDIVIDUAL,1969-02-05,F,IN,IN,Mumbai,Maharashtra,WEST,BR-001,Salaried - Government,675000,LOW,False,IAOPP8169R,+91-6752817769,lakshmi.kumar64@example.in,2017-05-02,2024-03-20
CUST-0329,Fatima Jain,INDIVIDUAL,1986-12-20,F,IN,IN,Mumbai,Maharashtra,WEST,BR-001,Farmer,233000,LOW,False,RITPU9134G,+91-6298470427,fatima.jain19@example.in,2013-03-27,2024-12-15
CUST-0330,Vertex Agencies,ENTITY,1988-12-07,,IN,IN,Mumbai,Maharashtra,WEST,BR-002,Wholesale Trading,143531943,LOW,False,FFVCJ9747S,+91-7588915267,vertex.agencies96@example.in,2024-12-25,2025-01-07
CUST-0331,Venkat Menon,INDIVIDUAL,1976-12-30,M,IN,IN,Pune,Maharashtra,WEST,BR-003,Chartered Accountant,2545000,MEDIUM,False,RCJPP2204D,+91-8453484964,venkat.menon68@example.in,2021-04-12,2025-12-10
CUST-0332,Imran Reddy,INDIVIDUAL,1981-09-11,M,IN,IN,Bengaluru,Karnataka,SOUTH,BR-010,Salaried - Government,583000,LOW,False,KIQPS5797E,+91-9658029852,imran.reddy94@example.in,2023-03-01,2025-10-05
CUST-0333,Ravi Deshpande,INDIVIDUAL,1965-04-20,M,IN,IN,Mumbai,Maharashtra,WEST,BR-001,Doctor,1213000,LOW,False,ZDXPG6793N,+91-6458406707,ravi.deshpande45@example.in,2024-07-26,2024-03-10
CUST-0334,Vertex Logistics,ENTITY,1998-10-22,,IN,IN,Bengaluru,Karnataka,SOUTH,BR-010,Jewellery Retail,48209604,LOW,False,KYACD5460K,+91-9877814971,vertex.logistics73@example.in,2012-08-26,2023-12-26
CUST-0335,Bhavana Naidu,INDIVIDUAL,1988-12-17,F,IN,IN,Surat,Gujarat,WEST,BR-005,Farmer,187000,LOW,False,UORPK7577Z,+91-9897344195,bhavana.naidu8@example.in,2023-09-08,2024-09-05
CUST-0336,Shreya Verma,INDIVIDUAL,1995-11-12,F,IN,IN,Chennai,Tamil Nadu,SOUTH,BR-012,Doctor,3982000,LOW,False,EIAPK6147U,+91-7713086866,shreya.verma78@example.in,2020-09-26,2024-01-19
CUST-0337,Rekha Pillai,INDIVIDUAL,1972-03-06,F,IN,IN,Kolkata,West Bengal,EAST,BR-014,Self-Employed Consultant,832000,LOW,False,HLOPJ3541Q,+91-8287918507,rekha.pillai15@example.in,2020-05-23,2023-03-18
CUST-0338,Nikhil Verma,INDIVIDUAL,1966-11-29,M,IN,IN,New Delhi,Delhi,NORTH,BR-007,Farmer,674000,LOW,False,PXQPJ5363E,+91-6982764505,nikhil.verma67@example.in,2014-12-23,2024-02-25
CUST-0339,Ritu Patel,INDIVIDUAL,1961-12-22,F,IN,IN,Pune,Maharashtra,WEST,BR-003,Salaried - IT,1904000,LOW,False,BDQPY5119A,+91-8785960873,ritu.patel27@example.in,2019-03-13,2024-02-15
CUST-0340,Shreya Pillai,INDIVIDUAL,1972-03-25,F,IN,IN,Surat,Gujarat,WEST,BR-005,Farmer,273000,LOW,False,DATPR8422D,+91-7682535775,shreya.pillai45@example.in,2024-04-27,2024-10-14
CUST-0341,Nandini Chatterjee,INDIVIDUAL,1973-12-19,F,IN,IN,Hyderabad,Telangana,SOUTH,BR-011,Salaried - Private,449000,LOW,False,BEAPP0826D,+91-9157767179,nandini.chatterjee12@example.in,2021-07-25,2025-03-13
CUST-0342,Aishwarya Sheikh,INDIVIDUAL,1968-11-20,F,IN,IN,Pune,Maharashtra,WEST,BR-003,Lawyer,2293000,HIGH,False,YYOPS2159C,+91-9204435349,aishwarya.sheikh59@example.in,2018-12-17,2025-08-11
CUST-0343,Karan Joshi,INDIVIDUAL,1968-03-23,M,IN,IN,Hyderabad,Telangana,SOUTH,BR-011,Chartered Accountant,2644000,MEDIUM,False,KOPPA1070P,+91-6477356707,karan.joshi62@example.in,2022-05-06,2023-12-16
CUST-0344,Aishwarya Shah,INDIVIDUAL,1973-03-13,F,IN,IN,Ahmedabad,Gujarat,WEST,BR-004,Retired,307000,LOW,False,UCZPJ8728O,+91-9734083157,aishwarya.shah53@example.in,2017-05-08,2026-06-25
CUST-0345,Pranav D'Souza,INDIVIDUAL,1969-05-04,M,IN,IN,Kolkata,West Bengal,EAST,BR-014,Salaried - Government,1114000,MEDIUM,False,NSZPK8921W,+91-7285849093,pranav.dsouza85@example.in,2013-09-30,2026-03-21
CUST-0346,Gaurav Chopra,INDIVIDUAL,1964-05-18,M,IN,IN,Kolkata,West Bengal,EAST,BR-015,Chartered Accountant,3328000,LOW,False,MCTPD9771Y,+91-9451551922,gaurav.chopra64@example.in,2013-05-18,2023-07-05
CUST-0347,Ajay Sharma,INDIVIDUAL,1966-09-10,M,IN,IN,Kolkata,West Bengal,EAST,BR-015,Salaried - Private,1685000,LOW,False,MTSPO3205G,+91-8421838360,ajay.sharma73@example.in,2018-10-30,2025-06-09
CUST-0348,Diya Sharma,INDIVIDUAL,1996-04-05,F,IN,IN,Surat,Gujarat,WEST,BR-005,Student,133000,MEDIUM,False,BLRPB0013W,+91-8217787669,diya.sharma37@example.in,2012-09-12,2024-04-26
CUST-0349,Keerthi Pillai,INDIVIDUAL,1978-03-19,F,IN,IN,Kochi,Kerala,SOUTH,BR-013,Self-Employed Consultant,2305000,LOW,False,GVFPP2278G,+91-9486856173,keerthi.pillai54@example.in,2015-06-17,2024-08-13
CUST-0350,Karan Sharma,INDIVIDUAL,1966-06-17,M,IN,IN,Guwahati,Assam,EAST,BR-016,Salaried - Government,432000,LOW,False,ECEPU6813O,+91-9769207967,karan.sharma24@example.in,2022-03-11,2025-11-09
CUST-0351,Ritu Sheikh,INDIVIDUAL,1979-01-20,F,IN,IN,Mumbai,Maharashtra,WEST,BR-001,Doctor,2758000,LOW,False,XHWPQ4411N,+91-8135929409,ritu.sheikh5@example.in,2024-09-28,2025-09-16
CUST-0352,Gaurav Naidu,INDIVIDUAL,1966-05-16,M,IN,IN,Amritsar,Punjab,NORTH,BR-009,Self-Employed Consultant,1035000,LOW,False,CQTPC4017P,+91-6834518883,gaurav.naidu82@example.in,2024-02-04,2026-04-02
CUST-0353,Ajay Khan,INDIVIDUAL,1976-01-12,M,IN,IN,Kolkata,West Bengal,EAST,BR-015,Retired,211000,LOW,False,PSXPK6897L,+91-8410535202,ajay.khan22@example.in,2012-10-16,2026-05-08
CUST-0354,Ananya Naidu,INDIVIDUAL,1964-08-18,F,IN,IN,Bengaluru,Karnataka,SOUTH,BR-010,Student,44000,MEDIUM,False,TAJPP1351E,+91-6941558920,ananya.naidu36@example.in,2017-08-26,2023-09-29
CUST-0355,Meera Sharma,INDIVIDUAL,1987-02-01,F,IN,IN,New Delhi,Delhi,NORTH,BR-006,Self-Employed Consultant,1167000,MEDIUM,False,XEVPO6058Z,+91-7380517824,meera.sharma90@example.in,2017-04-18,2025-09-20
CUST-0356,Anil Nair,INDIVIDUAL,1966-11-30,M,IN,IN,Guwahati,Assam,EAST,BR-016,Salaried - Private,1548000,MEDIUM,False,NYMPH7211X,+91-7326405706,anil.nair74@example.in,2019-09-27,2023-04-22
CUST-0357,Vihaan Singh,INDIVIDUAL,1981-05-12,M,IN,IN,Bengaluru,Karnataka,SOUTH,BR-010,Farmer,568000,LOW,False,YRHPM6390P,+91-8255853446,vihaan.singh68@example.in,2021-10-01,2023-01-25
CUST-0358,Ritu Pillai,INDIVIDUAL,1959-05-15,F,IN,IN,Chennai,Tamil Nadu,SOUTH,BR-012,Retired,243000,HIGH,False,NTUPI5488I,+91-8961480639,ritu.pillai13@example.in,2017-09-22,2026-04-11
CUST-0359,Kiran Das,INDIVIDUAL,1985-05-26,M,IN,IN,New Delhi,Delhi,NORTH,BR-006,Retired,553000,LOW,False,AVAPC0195N,+91-6663998215,kiran.das14@example.in,2022-01-01,2024-12-20
CUST-0360,Meera Das,INDIVIDUAL,1987-10-14,F,IN,IN,Pune,Maharashtra,WEST,BR-003,Salaried - IT,699000,LOW,False,TVGPT1995W,+91-6192756659,meera.das78@example.in,2014-11-30,2025-02-08
CUST-0361,Ajay Patel,INDIVIDUAL,1971-05-13,M,IN,IN,Bengaluru,Karnataka,SOUTH,BR-010,Self-Employed Consultant,1472000,LOW,False,CUOPI6995W,+91-8376313067,ajay.patel21@example.in,2013-08-29,2024-07-21
CUST-0362,Ritu Khan,INDIVIDUAL,1971-11-15,F,IN,IN,New Delhi,Delhi,NORTH,BR-006,Salaried - IT,1683000,LOW,False,PGTPM2923U,+91-9216426335,ritu.khan19@example.in,2024-02-15,2025-06-02
CUST-0363,Tarun Kapoor,INDIVIDUAL,1964-08-19,M,IN,IN,Mumbai,Maharashtra,WEST,BR-002,Self-Employed Consultant,1786000,LOW,False,SXIPY7305A,+91-9259831058,tarun.kapoor84@example.in,2012-01-08,2023-03-19
CUST-0364,Pooja Khan,INDIVIDUAL,1960-03-01,F,IN,IN,Guwahati,Assam,EAST,BR-016,Shop Owner,1705000,LOW,False,MXYPZ1148R,+91-7103551249,pooja.khan50@example.in,2022-10-24,2023-09-06
CUST-0365,Divya Menon,INDIVIDUAL,1988-05-12,F,IN,IN,Pune,Maharashtra,WEST,BR-003,Shop Owner,615000,LOW,False,KCOPY4750U,+91-7289642463,divya.menon71@example.in,2012-11-18,2025-02-25
CUST-0366,Rekha D'Souza,INDIVIDUAL,1981-10-27,F,IN,IN,Pune,Maharashtra,WEST,BR-003,Salaried - Government,1153000,MEDIUM,False,OXGPE0584G,+91-6872813901,rekha.dsouza76@example.in,2017-05-07,2025-09-28
CUST-0367,Ayesha Kapoor,INDIVIDUAL,1975-03-21,F,IN,IN,Mumbai,Maharashtra,WEST,BR-002,Salaried - IT,755000,LOW,False,XBMPD3468Z,+91-9828080516,ayesha.kapoor69@example.in,2015-05-05,2026-04-01
CUST-0368,Vihaan Mehta,INDIVIDUAL,1981-02-19,M,IN,IN,Mumbai,Maharashtra,WEST,BR-002,Farmer,169000,LOW,False,UEAPF0818J,+91-6589824472,vihaan.mehta79@example.in,2015-10-30,2026-04-25
CUST-0369,Ganesh Textiles,ENTITY,2020-11-06,,IN,IN,Jaipur,Rajasthan,NORTH,BR-008,Wholesale Trading,99856515,LOW,False,GNKCZ6586K,+91-6834534311,ganesh.textiles74@example.in,2024-03-29,2023-10-09
CUST-0370,Venkat Gupta,INDIVIDUAL,1990-02-05,M,IN,IN,Pune,Maharashtra,WEST,BR-003,Student,45000,LOW,False,EYNPF6060R,+91-7571008888,venkat.gupta32@example.in,2025-01-19,2023-03-25
CUST-0371,Global Fintech Pvt Ltd,ENTITY,1985-09-14,,IN,IN,Guwahati,Assam,EAST,BR-016,Logistics,31173338,LOW,False,AFCCW9727J,+91-9844643743,global.fintech.pvt.ltd99@example.in,2022-09-04,2023-09-17
CUST-0372,Mary Kapoor,INDIVIDUAL,1967-10-30,F,IN,IN,Mumbai,Maharashtra,WEST,BR-002,Shop Owner,1001000,LOW,False,WPTPC4934L,+91-9104907047,mary.kapoor72@example.in,2017-04-14,2024-01-29
CUST-0373,Ganesh Motors,ENTITY,2019-02-22,,IN,IN,Jaipur,Rajasthan,NORTH,BR-008,Real Estate,137147141,LOW,False,UVGCI0869G,+91-6955356664,ganesh.motors20@example.in,2022-08-22,2025-10-15
CUST-0374,Vihaan Fernandes,INDIVIDUAL,1979-07-01,M,IN,IN,Amritsar,Punjab,NORTH,BR-009,Lawyer,1779000,LOW,False,ZYOPB1710X,+91-6676986599,vihaan.fernandes23@example.in,2015-07-18,2023-03-01
CUST-0375,Arjun Chatterjee,INDIVIDUAL,1986-08-02,M,IN,IN,Hyderabad,Telangana,SOUTH,BR-011,Self-Employed Consultant,2565000,LOW,False,XVKPH1804K,+91-7205295567,arjun.chatterjee31@example.in,2021-04-02,2024-02-14
CUST-0376,Arjun Naidu,INDIVIDUAL,1964-11-15,M,IN,IN,Kolkata,West Bengal,EAST,BR-014,Student,126000,LOW,False,TOFPM6119E,+91-9872902148,arjun.naidu25@example.in,2020-01-16,2024-07-06
CUST-0377,Vihaan Reddy,INDIVIDUAL,1964-12-25,M,IN,IN,Kolkata,West Bengal,EAST,BR-015,Lawyer,1472000,LOW,False,FYKPH4835T,+91-7947769596,vihaan.reddy82@example.in,2015-10-24,2026-03-29
CUST-0378,Arjun Jain,INDIVIDUAL,1993-09-04,M,IN,IN,New Delhi,Delhi,NORTH,BR-007,Retired,712000,LOW,False,OIAPX7014X,+91-7366106987,arjun.jain42@example.in,2021-09-27,2026-04-01
CUST-0379,Tarun Sharma,INDIVIDUAL,1961-10-18,M,IN,IN,Guwahati,Assam,EAST,BR-016,Shop Owner,592000,MEDIUM,False,QBNPQ6460P,+91-6585805219,tarun.sharma64@example.in,2017-05-24,2023-06-20
CUST-0380,Ravi Jain,INDIVIDUAL,1976-01-29,M,IN,IN,Bengaluru,Karnataka,SOUTH,BR-010,Doctor,2313000,LOW,False,CAPPV4994F,+91-9712441715,ravi.jain96@example.in,2025-02-02,2023-02-19
CUST-0381,Pooja Agarwal,INDIVIDUAL,1988-02-12,F,IN,IN,Kolkata,West Bengal,EAST,BR-015,Salaried - Private,1076000,MEDIUM,False,AUCPM5454Q,+91-6418461071,pooja.agarwal55@example.in,2018-01-19,2026-06-08
CUST-0382,Srinivas Nair,INDIVIDUAL,1964-12-01,M,IN,IN,Chennai,Tamil Nadu,SOUTH,BR-012,Student,88000,MEDIUM,False,DMLPO0669L,+91-8288191943,srinivas.nair83@example.in,2024-07-13,2023-05-18
CUST-0383,Karan Khan,INDIVIDUAL,1965-02-03,M,IN,IN,Guwahati,Assam,EAST,BR-016,Doctor,5726000,MEDIUM,False,YSWPG3693K,+91-8387073305,karan.khan65@example.in,2021-06-26,2024-07-21
CUST-0384,Pioneer Textiles,ENTITY,2007-06-30,,IN,IN,Ahmedabad,Gujarat,WEST,BR-004,Import/Export,155520541,LOW,False,RVRCJ7405T,+91-8958890239,pioneer.textiles87@example.in,2013-06-21,2024-01-21
CUST-0385,Diya Nair,INDIVIDUAL,1968-01-08,F,IN,IN,Bengaluru,Karnataka,SOUTH,BR-010,Shop Owner,2383000,HIGH,False,CDFPI1835W,+91-7632928920,diya.nair20@example.in,2016-07-31,2025-12-02
CUST-0386,Vikram Jain,INDIVIDUAL,1965-12-03,M,IN,IN,Guwahati,Assam,EAST,BR-016,Homemaker,141000,LOW,False,OXUPA4776G,+91-6123661636,vikram.jain30@example.in,2023-08-27,2024-11-18
CUST-0387,Keerthi Pillai,INDIVIDUAL,1989-11-13,F,IN,IN,Kolkata,West Bengal,EAST,BR-015,Farmer,772000,LOW,False,SEZPJ2813Z,+91-8343505251,keerthi.pillai62@example.in,2020-05-04,2024-08-13
CUST-0388,Karan Sheikh,INDIVIDUAL,1967-06-18,M,IN,IN,New Delhi,Delhi,NORTH,BR-006,Lawyer,2812000,MEDIUM,False,JFFPW2514F,+91-7225539035,karan.sheikh6@example.in,2019-02-06,2026-03-22
CUST-0389,Pioneer Exports,ENTITY,2010-03-26,,IN,IN,Mumbai,Maharashtra,WEST,BR-002,Import/Export,80070972,LOW,False,LELCO8845F,+91-8230448918,pioneer.exports4@example.in,2021-01-27,2025-10-19
CUST-0390,Divya Mehta,INDIVIDUAL,1982-10-05,F,IN,IN,Hyderabad,Telangana,SOUTH,BR-011,Salaried - IT,2890000,LOW,False,JPJPY9399V,+91-7958538383,divya.mehta73@example.in,2021-11-30,2024-11-24
CUST-0391,Ananya Shah,INDIVIDUAL,1965-03-29,F,IN,IN,Bengaluru,Karnataka,SOUTH,BR-010,Homemaker,144000,LOW,False,THOPL1515K,+91-6752997384,ananya.shah83@example.in,2016-05-17,2026-04-09
CUST-0392,Neha Verma,INDIVIDUAL,1990-05-16,F,IN,IN,Pune,Maharashtra,WEST,BR-003,Salaried - Government,1334000,HIGH,False,MGPPK9882T,+91-6815934958,neha.verma47@example.in,2020-11-30,2023-10-30
CUST-0393,Swati D'Souza,INDIVIDUAL,1972-10-07,F,IN,IN,Chennai,Tamil Nadu,SOUTH,BR-012,Chartered Accountant,1051000,LOW,False,ORCPG7278X,+91-9962950738,swati.dsouza57@example.in,2018-06-22,2023-12-02
CUST-0394,Sahana Jain,INDIVIDUAL,1986-10-27,F,IN,IN,Pune,Maharashtra,WEST,BR-003,Salaried - Private,1531000,LOW,False,JPQPK1083S,+91-9194970622,sahana.jain1@example.in,2021-03-08,2024-07-13
CUST-0395,Rekha Shah,INDIVIDUAL,1977-02-14,F,IN,IN,Bengaluru,Karnataka,SOUTH,BR-010,Doctor,2760000,LOW,False,BJSPJ8095R,+91-9341076755,rekha.shah4@example.in,2012-01-21,2023-11-12
CUST-0396,Sneha Deshpande,INDIVIDUAL,1982-01-24,F,IN,IN,Jaipur,Rajasthan,NORTH,BR-008,Shop Owner,876000,LOW,False,YIPPC9812X,+91-8723914616,sneha.deshpande62@example.in,2024-09-07,2025-06-12
CUST-0397,Rekha Patel,INDIVIDUAL,1992-11-16,F,IN,IN,Mumbai,Maharashtra,WEST,BR-001,Chartered Accountant,3149000,MEDIUM,False,FSBPE5237O,+91-7483739723,rekha.patel21@example.in,2013-03-09,2024-07-12
CUST-0398,Ananya Deshpande,INDIVIDUAL,1988-08-29,F,IN,IN,Pune,Maharashtra,WEST,BR-003,Lawyer,3121000,LOW,False,YUFPY1548T,+91-7683806675,ananya.deshpande42@example.in,2019-02-03,2024-09-08
CUST-0399,Sneha Sheikh,INDIVIDUAL,1966-02-21,F,IN,IN,Bengaluru,Karnataka,SOUTH,BR-010,Salaried - Private,327000,LOW,False,PNKPF1678G,+91-7640503265,sneha.sheikh29@example.in,2016-03-23,2026-02-18
CUST-0400,Deepak Chopra,INDIVIDUAL,1965-11-20,M,IN,IN,Mumbai,Maharashtra,WEST,BR-001,Salaried - Government,644000,LOW,False,JWLPE7240T,+91-8284906027,deepak.chopra91@example.in,2018-10-31,2023-02-28
CUST-0401,Suresh Shah,INDIVIDUAL,1990-11-11,M,IN,IN,Jaipur,Rajasthan,NORTH,BR-008,Self-Employed Consultant,1297000,LOW,False,GECPN1830C,+91-6931819535,suresh.shah62@example.in,2021-09-02,2023-03-29
CUST-0402,Srinivas Reddy,INDIVIDUAL,1971-05-08,M,IN,IN,Mumbai,Maharashtra,WEST,BR-002,Farmer,274000,LOW,False,VAYPD2028T,+91-7730933965,srinivas.reddy26@example.in,2016-02-22,2024-12-20
CUST-0403,Apex Motors,ENTITY,2000-10-19,,IN,IN,New Delhi,Delhi,NORTH,BR-006,Jewellery Retail,123371660,MEDIUM,False,YXTCH8272S,+91-6206413916,apex.motors75@example.in,2012-04-24,2025-12-19
CUST-0404,Vikram Singh,INDIVIDUAL,1987-07-16,M,IN,IN,Ahmedabad,Gujarat,WEST,BR-004,Retired,204000,MEDIUM,False,QWPPL9656F,+91-9823192710,vikram.singh14@example.in,2016-01-21,2024-12-27
CUST-0405,Neha Banerjee,INDIVIDUAL,1994-02-25,F,IN,IN,Hyderabad,Telangana,SOUTH,BR-011,Shop Owner,736000,LOW,False,DQEPP5918W,+91-8698216060,neha.banerjee93@example.in,2012-11-28,2023-06-18
CUST-0406,Manoj Deshpande,INDIVIDUAL,1993-01-08,M,IN,IN,Bengaluru,Karnataka,SOUTH,BR-010,Farmer,779000,LOW,False,OHRPN4761N,+91-7174742261,manoj.deshpande61@example.in,2020-03-29,2024-01-03
CUST-0407,Prime Tech Solutions,ENTITY,2002-10-13,,IN,IN,Kolkata,West Bengal,EAST,BR-015,Logistics,24115931,LOW,False,VCDCE6468M,+91-6896106713,prime.tech.solutions22@example.in,2013-06-14,2025-01-14
CUST-0408,Neha Agarwal,INDIVIDUAL,1979-01-19,F,IN,IN,Guwahati,Assam,EAST,BR-016,Salaried - Government,888000,LOW,False,WYSPS4472Y,+91-9482356574,neha.agarwal61@example.in,2021-01-26,2025-09-19
CUST-0409,Venkat Chopra,INDIVIDUAL,1971-03-31,M,IN,IN,Guwahati,Assam,EAST,BR-016,Salaried - Government,656000,LOW,False,UEAPD0865C,+91-9828112320,venkat.chopra4@example.in,2016-01-07,2025-02-22
CUST-0410,Pooja Menon,INDIVIDUAL,1966-11-12,F,IN,IN,Guwahati,Assam,EAST,BR-016,Student,25000,MEDIUM,False,GJVPP8032Q,+91-8682438493,pooja.menon44@example.in,2024-02-15,2026-01-24
CUST-0411,Royal Overseas,ENTITY,1990-05-06,,IN,IN,Kochi,Kerala,SOUTH,BR-013,Wholesale Trading,142801055,LOW,False,MOOCB0538F,+91-8858125303,royal.overseas22@example.in,2023-01-09,2025-06-01
CUST-0412,Global Textiles,ENTITY,2010-07-09,,IN,IN,Guwahati,Assam,EAST,BR-016,Logistics,24681002,LOW,False,VRSCP7797R,+91-7644048929,global.textiles8@example.in,2020-10-11,2024-06-23
CUST-0413,Aishwarya Sheikh,INDIVIDUAL,1962-10-03,F,IN,IN,Mumbai,Maharashtra,WEST,BR-001,Lawyer,2244000,LOW,False,ELLPZ9567A,+91-8508637554,aishwarya.sheikh13@example.in,2021-08-08,2024-12-07
CUST-0414,Swati Reddy,INDIVIDUAL,1971-02-08,F,IN,IN,Jaipur,Rajasthan,NORTH,BR-008,Homemaker,64000,LOW,False,SCWPC4995D,+91-8282299078,swati.reddy3@example.in,2024-01-28,2024-10-29
CUST-0415,Royal Motors,ENTITY,2003-11-23,,IN,IN,Amritsar,Punjab,NORTH,BR-009,Logistics,79089893,LOW,False,PSACK6188S,+91-9446197308,royal.motors74@example.in,2014-03-11,2025-09-27
CUST-0416,Galaxy Agencies,ENTITY,2007-07-22,,IN,IN,Hyderabad,Telangana,SOUTH,BR-011,Logistics,76670159,LOW,False,JLNCG8142U,+91-6675347404,galaxy.agencies28@example.in,2018-06-12,2024-06-27
CUST-0417,Global Fintech Pvt Ltd,ENTITY,2013-01-06,,IN,IN,Pune,Maharashtra,WEST,BR-003,Real Estate,100635804,MEDIUM,False,SDSCK4478C,+91-9558601461,global.fintech.pvt.ltd27@example.in,2019-10-16,2023-06-07
CUST-0418,Mary Menon,INDIVIDUAL,1984-03-21,F,IN,IN,Hyderabad,Telangana,SOUTH,BR-011,Shop Owner,1891000,LOW,False,MITPQ7425V,+91-7119975163,mary.menon81@example.in,2023-07-30,2024-01-18
CUST-0419,Joseph Chopra,INDIVIDUAL,1988-08-12,M,IN,IN,Kolkata,West Bengal,EAST,BR-014,Lawyer,4830000,MEDIUM,False,XUBPQ3287L,+91-9258638580,joseph.chopra31@example.in,2015-05-17,2024-09-06
CUST-0420,Divya Rao,INDIVIDUAL,1978-07-02,F,IN,IN,Amritsar,Punjab,NORTH,BR-009,Homemaker,53000,MEDIUM,False,UFIPV9850H,+91-9356069631,divya.rao15@example.in,2015-05-13,2024-01-29
CUST-0421,Metro Textiles,ENTITY,2004-07-25,,IN,IN,Kolkata,West Bengal,EAST,BR-014,Import/Export,175276881,LOW,False,BGFCI2235A,+91-8947901530,metro.textiles36@example.in,2024-05-08,2023-12-27
CUST-0422,Kiran Choudhary,INDIVIDUAL,1963-10-07,M,IN,IN,Hyderabad,Telangana,SOUTH,BR-011,Salaried - IT,832000,LOW,False,CNLPV1479M,+91-7353447260,kiran.choudhary15@example.in,2024-10-21,2025-10-21
CUST-0423,Ayesha Nair,INDIVIDUAL,1994-09-06,F,IN,IN,Hyderabad,Telangana,SOUTH,BR-011,Doctor,2225000,LOW,False,SXMPZ3865N,+91-7254917225,ayesha.nair14@example.in,2015-12-05,2024-03-14
CUST-0424,Sunita Joshi,INDIVIDUAL,2003-12-29,F,IN,IN,Chennai,Tamil Nadu,SOUTH,BR-012,Student,14000,LOW,False,DKRPN7780V,+91-7398214359,sunita.joshi19@example.in,2020-02-21,2025-08-31
CUST-0425,Priya Gupta,INDIVIDUAL,1990-12-25,F,IN,IN,Jaipur,Rajasthan,NORTH,BR-008,Self-Employed Consultant,929000,LOW,False,MJUPW5945Z,+91-6674355978,priya.gupta31@example.in,2021-12-03,2025-03-06
CUST-0426,Apex Logistics,ENTITY,2018-12-11,,IN,IN,Jaipur,Rajasthan,NORTH,BR-008,Jewellery Retail,185000000,MEDIUM,False,FOUCK6656Z,+91-6394244475,apex.logistics11@example.in,2023-01-10,2025-08-22
CUST-0427,Rekha Malhotra,INDIVIDUAL,1991-05-01,F,IN,IN,Amritsar,Punjab,NORTH,BR-009,Salaried - Government,736000,LOW,False,LNTPX8973X,+91-8586686097,rekha.malhotra89@example.in,2012-08-12,2023-04-17
CUST-0428,Farhan Kapoor,INDIVIDUAL,1960-02-20,M,IN,IN,Kochi,Kerala,SOUTH,BR-013,Homemaker,35000,LOW,False,JKSPC1815F,+91-7654443651,farhan.kapoor92@example.in,2014-12-01,2026-05-01
CUST-0429,Fatima Naidu,INDIVIDUAL,1971-09-10,F,IN,IN,New Delhi,Delhi,NORTH,BR-006,Self-Employed Consultant,1259000,LOW,False,KZJPG1382N,+91-8295302103,fatima.naidu51@example.in,2020-06-18,2026-03-14
CUST-0430,Tarun Banerjee,INDIVIDUAL,1968-11-22,M,IN,IN,Amritsar,Punjab,NORTH,BR-009,Salaried - Government,1369000,MEDIUM,False,FBMPT7027T,+91-8260257262,tarun.banerjee12@example.in,2020-04-02,2023-12-15
CUST-0431,Aarav Malhotra,INDIVIDUAL,1965-04-25,M,IN,IN,Jaipur,Rajasthan,NORTH,BR-008,Farmer,668000,MEDIUM,False,GZIPJ8096M,+91-7563114070,aarav.malhotra27@example.in,2025-06-16,2024-03-17
CUST-0432,Sahana Das,INDIVIDUAL,1978-04-29,F,IN,IN,Surat,Gujarat,WEST,BR-005,Shop Owner,878000,LOW,False,IHTPO4068L,+91-9192061206,sahana.das2@example.in,2022-07-08,2023-09-30
CUST-0433,Bhavana Bose,INDIVIDUAL,1991-10-12,F,IN,IN,Kolkata,West Bengal,EAST,BR-014,Self-Employed Consultant,2308000,MEDIUM,False,ICDPR0962B,+91-8352159078,bhavana.bose61@example.in,2019-12-12,2026-05-26
CUST-0434,Aarav Joshi,INDIVIDUAL,1972-02-02,M,IN,IN,Bengaluru,Karnataka,SOUTH,BR-010,Retired,849000,HIGH,False,VLEPR0673S,+91-7379486036,aarav.joshi22@example.in,2023-04-19,2025-10-06
CUST-0435,Pooja Nair,INDIVIDUAL,1983-10-17,F,IN,IN,Kolkata,West Bengal,EAST,BR-014,Chartered Accountant,3979000,LOW,False,DKBPE8179I,+91-8561801350,pooja.nair37@example.in,2017-11-26,2026-06-09
CUST-0436,Mary Pillai,INDIVIDUAL,1967-05-27,F,IN,IN,Hyderabad,Telangana,SOUTH,BR-011,Shop Owner,2372000,MEDIUM,False,PYEPR7208B,+91-7259580383,mary.pillai7@example.in,2017-02-26,2024-01-11
CUST-0437,Om Commodities LLP,ENTITY,2004-07-30,,IN,IN,Ahmedabad,Gujarat,WEST,BR-004,Import/Export,150395016,HIGH,False,PBOCL9189P,+91-9629342426,om.commodities.llp15@example.in,2015-04-27,2023-09-11
CUST-0438,Naveen Deshpande,INDIVIDUAL,1993-08-21,M,IN,IN,Amritsar,Punjab,NORTH,BR-009,Salaried - Private,652000,LOW,False,VSGPS0067Q,+91-7547126482,naveen.deshpande10@example.in,2017-07-09,2025-10-17
CUST-0439,Priya Deshpande,INDIVIDUAL,1965-06-21,F,IN,IN,Kochi,Kerala,SOUTH,BR-013,Homemaker,178000,LOW,False,DKEPA1328O,+91-9587538394,priya.deshpande81@example.in,2018-01-15,2026-05-01
CUST-0440,Ananya Kapoor,INDIVIDUAL,1992-12-09,F,IN,IN,Surat,Gujarat,WEST,BR-005,Chartered Accountant,4068000,LOW,False,BZUPJ5294Z,+91-6898649166,ananya.kapoor10@example.in,2024-04-09,2026-05-18
CUST-0441,Meera Kumar,INDIVIDUAL,1964-01-01,F,IN,IN,Mumbai,Maharashtra,WEST,BR-001,Doctor,4546000,MEDIUM,False,FMYPM4668U,+91-7229495399,meera.kumar39@example.in,2023-01-04,2025-06-04
CUST-0442,Bhavana Shah,INDIVIDUAL,1964-04-23,F,IN,IN,Chennai,Tamil Nadu,SOUTH,BR-012,Chartered Accountant,3791000,LOW,False,POMPP4398S,+91-9196875511,bhavana.shah97@example.in,2021-06-23,2025-01-24
CUST-0443,Keerthi Malhotra,INDIVIDUAL,1983-01-10,F,IN,IN,Hyderabad,Telangana,SOUTH,BR-011,Salaried - Government,484000,HIGH,False,VHUPV2540P,+91-6412139994,keerthi.malhotra60@example.in,2021-10-22,2023-06-12
CUST-0444,Lakshmi Mehta,INDIVIDUAL,1973-06-22,F,IN,IN,Jaipur,Rajasthan,NORTH,BR-008,Salaried - Private,1735000,LOW,False,JSBPR1253B,+91-6648307963,lakshmi.mehta55@example.in,2021-04-06,2023-07-13
CUST-0445,Swati Joshi,INDIVIDUAL,2005-03-01,F,IN,IN,Mumbai,Maharashtra,WEST,BR-001,Student,21000,LOW,False,VOFPZ2985M,+91-6189432561,swati.joshi54@example.in,2018-09-04,2024-10-04
CUST-0446,Bhavana Kapoor,INDIVIDUAL,1990-08-15,F,IN,IN,New Delhi,Delhi,NORTH,BR-006,Student,69000,LOW,False,CXTPI1742N,+91-6106278247,bhavana.kapoor51@example.in,2014-08-13,2023-01-28
CUST-0447,Fatima Agarwal,INDIVIDUAL,1986-12-31,F,IN,IN,Guwahati,Assam,EAST,BR-016,Homemaker,195000,LOW,False,TLWPV6471Z,+91-8194097510,fatima.agarwal17@example.in,2015-01-11,2023-01-29
CUST-0448,Ravi Das,INDIVIDUAL,1981-07-31,M,IN,IN,Surat,Gujarat,WEST,BR-005,Salaried - IT,1477000,LOW,False,NUZPR3127C,+91-8926481789,ravi.das60@example.in,2015-04-28,2025-08-28
CUST-0449,Rahul Mehta,INDIVIDUAL,1981-10-04,M,IN,IN,Guwahati,Assam,EAST,BR-016,Self-Employed Consultant,2567000,LOW,False,OSHPG4830S,+91-9154677276,rahul.mehta43@example.in,2012-03-05,2023-07-30
CUST-0450,Sunita Choudhary,INDIVIDUAL,1961-08-29,F,IN,IN,Guwahati,Assam,EAST,BR-016,Self-Employed Consultant,1919000,LOW,False,QSXPT7993H,+91-6667267264,sunita.choudhary3@example.in,2021-06-19,2026-03-26
CUST-0451,Rajesh Jain,INDIVIDUAL,1982-03-12,M,IN,IN,Chennai,Tamil Nadu,SOUTH,BR-012,Farmer,272000,LOW,False,NAFPJ3149P,+91-8570417771,rajesh.jain30@example.in,2023-05-21,2024-03-25
CUST-0452,Aishwarya Chopra,INDIVIDUAL,1992-06-06,F,IN,IN,Kochi,Kerala,SOUTH,BR-013,Salaried - Private,915000,HIGH,False,VUXPL7738Z,+91-7767698175,aishwarya.chopra27@example.in,2018-05-02,2023-06-26
CUST-0453,Rahul Das,INDIVIDUAL,1982-01-28,M,IN,IN,Ahmedabad,Gujarat,WEST,BR-004,Salaried - Private,1570000,MEDIUM,False,PJHPG9123B,+91-6485244337,rahul.das34@example.in,2020-01-03,2023-11-21
CUST-0454,Srinivas Rao,INDIVIDUAL,1965-02-10,M,IN,IN,Jaipur,Rajasthan,NORTH,BR-008,Chartered Accountant,2806000,LOW,False,HPIPK5820Y,+91-6926883089,srinivas.rao72@example.in,2017-12-31,2023-11-06
CUST-0455,Ravi Reddy,INDIVIDUAL,2000-06-07,M,IN,IN,Ahmedabad,Gujarat,WEST,BR-004,Student,101000,HIGH,False,ZTTPZ1669R,+91-6644715382,ravi.reddy14@example.in,2015-09-30,2023-08-30
CUST-0456,Kavya Deshpande,INDIVIDUAL,1994-03-07,F,IN,IN,Guwahati,Assam,EAST,BR-016,Self-Employed Consultant,2551000,MEDIUM,False,DEUPL5482E,+91-6316778095,kavya.deshpande57@example.in,2021-04-28,2023-01-14
CUST-0457,Divya Deshpande,INDIVIDUAL,1958-10-28,F,IN,IN,Amritsar,Punjab,NORTH,BR-009,Retired,379000,LOW,False,YNLPU4021E,+91-9945266468,divya.deshpande30@example.in,2015-02-04,2025-05-28
CUST-0458,Fatima Fernandes,INDIVIDUAL,1966-07-13,F,IN,IN,Mumbai,Maharashtra,WEST,BR-001,Salaried - IT,2456000,MEDIUM,False,QCCPK5157M,+91-7566081562,fatima.fernandes8@example.in,2020-10-26,2023-03-17
CUST-0459,Ajay Reddy,INDIVIDUAL,1995-11-04,M,IN,IN,Bengaluru,Karnataka,SOUTH,BR-010,Homemaker,187000,LOW,False,VWRPJ5139L,+91-6987988308,ajay.reddy36@example.in,2023-11-02,2026-06-04
CUST-0460,Fatima Bose,INDIVIDUAL,1990-05-13,F,IN,IN,Kolkata,West Bengal,EAST,BR-015,Retired,854000,LOW,False,ZZUPM3232J,+91-6139696423,fatima.bose69@example.in,2019-07-03,2025-03-09
CUST-0461,Siddharth Deshpande,INDIVIDUAL,1982-12-14,M,IN,IN,Bengaluru,Karnataka,SOUTH,BR-010,Doctor,1978000,LOW,False,YUFPA0456Z,+91-8359136615,siddharth.deshpande39@example.in,2021-06-25,2025-10-31
CUST-0462,Pioneer Logistics,ENTITY,2007-10-07,,IN,IN,Chennai,Tamil Nadu,SOUTH,BR-012,Wholesale Trading,104153110,LOW,False,YUDCO4881S,+91-6586563056,pioneer.logistics44@example.in,2017-04-18,2026-04-06
CUST-0463,Sanjay Menon,INDIVIDUAL,1995-03-15,M,IN,IN,Surat,Gujarat,WEST,BR-005,Lawyer,3697000,MEDIUM,False,QXHPD5371Q,+91-7983520645,sanjay.menon47@example.in,2022-03-10,2023-07-20
CUST-0464,Royal Enterprises,ENTITY,1987-10-16,,IN,IN,Kolkata,West Bengal,EAST,BR-014,IT Services,27381399,MEDIUM,False,PGOCC6050V,+91-9731617307,royal.enterprises72@example.in,2023-08-22,2025-03-19
CUST-0465,Keerthi Malhotra,INDIVIDUAL,1992-10-27,F,IN,IN,Kolkata,West Bengal,EAST,BR-014,Farmer,663000,MEDIUM,False,EQEPP7499E,+91-6845682242,keerthi.malhotra28@example.in,2022-03-19,2025-08-27
CUST-0466,Pioneer Overseas,ENTITY,2011-12-27,,IN,IN,Kolkata,West Bengal,EAST,BR-014,Jewellery Retail,61881021,LOW,False,LSJCB8565E,+91-6498860032,pioneer.overseas40@example.in,2020-05-25,2024-09-13
CUST-0467,Srinivas Mehta,INDIVIDUAL,1978-12-02,M,IN,IN,Mumbai,Maharashtra,WEST,BR-002,Salaried - Private,1536000,MEDIUM,False,JJGPF8008A,+91-6687913699,srinivas.mehta45@example.in,2013-07-07,2023-04-02
CUST-0468,Nandini Kapoor,INDIVIDUAL,1976-12-03,F,IN,IN,Guwahati,Assam,EAST,BR-016,Chartered Accountant,4277000,MEDIUM,False,TEYPE8270U,+91-9917846365,nandini.kapoor58@example.in,2022-01-26,2023-11-02
CUST-0469,Diya Jain,INDIVIDUAL,1977-09-26,F,IN,IN,Hyderabad,Telangana,SOUTH,BR-011,Shop Owner,988000,LOW,False,VOXPI1450F,+91-6714174731,diya.jain81@example.in,2018-12-05,2026-02-23
CUST-0470,Amit Reddy,INDIVIDUAL,1976-12-28,M,IN,IN,Guwahati,Assam,EAST,BR-016,Student,136000,LOW,False,ADVPR2944A,+91-8944773947,amit.reddy27@example.in,2017-07-02,2026-04-01
CUST-0471,Ritu Gupta,INDIVIDUAL,1975-04-01,F,IN,IN,Kolkata,West Bengal,EAST,BR-014,Farmer,174000,LOW,False,AQKPM4213C,+91-6206658672,ritu.gupta70@example.in,2015-10-09,2024-08-07
CUST-0472,Balaji Exports,ENTITY,2003-04-09,,IN,IN,New Delhi,Delhi,NORTH,BR-006,Import/Export,107354444,LOW,False,KFACW0958J,+91-9206025798,balaji.exports41@example.in,2015-03-13,2025-04-25
CUST-0473,Ritu Patel,INDIVIDUAL,1970-09-30,F,IN,IN,Jaipur,Rajasthan,NORTH,BR-008,Salaried - IT,1449000,LOW,False,YQMPD4412B,+91-8599100469,ritu.patel71@example.in,2021-02-16,2023-05-15
CUST-0474,Keerthi Banerjee,INDIVIDUAL,1984-11-07,F,IN,IN,Ahmedabad,Gujarat,WEST,BR-004,Salaried - IT,1728000,LOW,False,RUZPE4990S,+91-9578869802,keerthi.banerjee11@example.in,2023-03-23,2024-02-21
CUST-0475,Sanjay Singh,INDIVIDUAL,1979-01-03,M,IN,IN,Kolkata,West Bengal,EAST,BR-015,Doctor,5709000,LOW,False,OTJPU2742A,+91-6617743557,sanjay.singh35@example.in,2025-05-29,2024-05-28
CUST-0476,Swati Bose,INDIVIDUAL,1985-03-28,F,IN,IN,Mumbai,Maharashtra,WEST,BR-002,Student,133000,LOW,False,RSCPJ1469M,+91-6991740555,swati.bose18@example.in,2024-06-24,2024-07-26
CUST-0477,Imran Pillai,INDIVIDUAL,1988-06-28,M,IN,IN,Amritsar,Punjab,NORTH,BR-009,Homemaker,89000,HIGH,False,WOIPH5269K,+91-7593705781,imran.pillai77@example.in,2019-05-14,2023-02-02
CUST-0478,Farhan Sharma,INDIVIDUAL,1960-05-20,M,IN,IN,Mumbai,Maharashtra,WEST,BR-001,Student,124000,LOW,False,NRWPW8011Y,+91-9677814249,farhan.sharma11@example.in,2013-09-27,2026-01-08
CUST-0479,Metro Tech Solutions,ENTITY,2000-11-01,,IN,IN,Kochi,Kerala,SOUTH,BR-013,Logistics,26564560,MEDIUM,False,LMFCY0138D,+91-9497800553,metro.tech.solutions25@example.in,2021-12-20,2023-01-20
CUST-0480,Venkat Kulkarni,INDIVIDUAL,1976-01-19,M,IN,IN,New Delhi,Delhi,NORTH,BR-007,Homemaker,185000,LOW,False,TUJPZ3623H,+91-9489767404,venkat.kulkarni5@example.in,2018-04-18,2025-10-06
CUST-0481,Aarav Das,INDIVIDUAL,1964-12-22,M,IN,IN,Amritsar,Punjab,NORTH,BR-009,Homemaker,103000,LOW,False,PFRPG9268V,+91-7170180435,aarav.das76@example.in,2014-11-16,2023-05-14
CUST-0482,Sunrise Overseas,ENTITY,2017-09-12,,IN,IN,Amritsar,Punjab,NORTH,BR-009,Real Estate,180413206,LOW,False,VAWCV8731T,+91-8830874965,sunrise.overseas72@example.in,2022-03-07,2023-01-05
CUST-0483,Naveen Pillai,INDIVIDUAL,1978-04-02,M,IN,IN,Amritsar,Punjab,NORTH,BR-009,Shop Owner,2270000,LOW,False,QOPPL8474Y,+91-6874404381,naveen.pillai29@example.in,2013-01-19,2024-07-23
CUST-0484,Divya Sharma,INDIVIDUAL,1975-01-05,F,IN,IN,Pune,Maharashtra,WEST,BR-003,Shop Owner,908000,MEDIUM,False,ZAXPH6943C,+91-7311394879,divya.sharma22@example.in,2019-05-21,2024-09-28
CUST-0485,Ganesh Traders,ENTITY,2004-05-18,,IN,IN,Mumbai,Maharashtra,WEST,BR-001,Logistics,74420002,LOW,False,UKICH1766P,+91-7465933326,ganesh.traders7@example.in,2019-06-25,2025-11-30
CUST-0486,Venkat Kapoor,INDIVIDUAL,1985-12-20,M,IN,IN,Ahmedabad,Gujarat,WEST,BR-004,Salaried - Government,1336000,LOW,False,BBMPK1065Z,+91-7166574389,venkat.kapoor57@example.in,2013-03-24,2024-09-09
CUST-0487,Diya Iyer,INDIVIDUAL,1985-01-31,F,IN,IN,Mumbai,Maharashtra,WEST,BR-002,Homemaker,14000,LOW,False,MMDPT6735H,+91-6586846620,diya.iyer50@example.in,2022-05-30,2025-05-26
CUST-0488,Anil Verma,INDIVIDUAL,1974-09-21,M,IN,IN,New Delhi,Delhi,NORTH,BR-007,Farmer,692000,LOW,False,ATWPC9713Z,+91-7715481841,anil.verma17@example.in,2023-05-31,2024-06-08
CUST-0489,Sahana Kapoor,INDIVIDUAL,1966-03-05,F,IN,IN,Mumbai,Maharashtra,WEST,BR-002,Salaried - Private,809000,LOW,False,JSNPQ5861J,+91-7258279275,sahana.kapoor61@example.in,2018-12-03,2026-05-20
CUST-0490,Priya Mehta,INDIVIDUAL,1982-09-30,F,IN,IN,Mumbai,Maharashtra,WEST,BR-002,Salaried - IT,1595000,LOW,False,GGUPG1120K,+91-7817109365,priya.mehta61@example.in,2022-06-25,2026-05-13
CUST-0491,Aishwarya Menon,INDIVIDUAL,1967-04-12,F,IN,IN,Ahmedabad,Gujarat,WEST,BR-004,Shop Owner,1189000,LOW,False,ZBPPH0060U,+91-7844339911,aishwarya.menon30@example.in,2022-06-18,2024-03-12
CUST-0492,Sahana D'Souza,INDIVIDUAL,1968-04-06,F,IN,IN,Mumbai,Maharashtra,WEST,BR-001,Doctor,4558000,LOW,False,CLAPR1887E,+91-8572884620,sahana.dsouza25@example.in,2025-02-18,2025-01-07
CUST-0493,Galaxy Impex,ENTITY,1992-10-24,,IN,IN,Jaipur,Rajasthan,NORTH,BR-008,Wholesale Trading,58131375,MEDIUM,False,XFKCR4029F,+91-7123076889,galaxy.impex23@example.in,2017-11-14,2023-07-27
CUST-0494,Lakshmi Infra Pvt Ltd,ENTITY,2000-03-07,,IN,IN,New Delhi,Delhi,NORTH,BR-007,Logistics,24894008,LOW,False,HLZCL2807Q,+91-9863368317,lakshmi.infra.pvt.ltd9@example.in,2014-08-28,2023-10-23
CUST-0495,Srinivas Das,INDIVIDUAL,1976-12-18,M,IN,IN,Chennai,Tamil Nadu,SOUTH,BR-012,Doctor,5667000,LOW,False,NUHPB9622G,+91-8947813439,srinivas.das20@example.in,2019-05-08,2024-05-21
CUST-0496,Lakshmi Realty,ENTITY,2011-03-15,,IN,IN,Guwahati,Assam,EAST,BR-016,Import/Export,161437548,LOW,False,CZPCZ1062F,+91-9906710856,lakshmi.realty83@example.in,2023-06-03,2025-02-05
CUST-0497,Kavya Pillai,INDIVIDUAL,1983-07-28,F,IN,IN,Guwahati,Assam,EAST,BR-016,Self-Employed Consultant,2268000,MEDIUM,False,PPIPS6569U,+91-6322478872,kavya.pillai29@example.in,2016-07-20,2025-07-14
CUST-0498,Neha Menon,INDIVIDUAL,1976-11-30,F,IN,IN,New Delhi,Delhi,NORTH,BR-006,Shop Owner,2363000,MEDIUM,False,LIRPC2200Y,+91-6416805398,neha.menon57@example.in,2023-08-21,2024-12-21
CUST-0499,Nikhil Khan,INDIVIDUAL,1980-12-21,M,IN,IN,Kolkata,West Bengal,EAST,BR-014,Shop Owner,1446000,LOW,False,ZPKPI6264A,+91-7574259410,nikhil.khan30@example.in,2017-12-15,2023-06-05
CUST-0500,Vikram Nair,INDIVIDUAL,1970-03-20,M,IN,IN,Ahmedabad,Gujarat,WEST,BR-004,Lawyer,4786000,LOW,False,LBRPG5468G,+91-8368460847,vikram.nair39@example.in,2018-02-26,2024-01-26
