LOAN_ID,CUSTOMER_ID,ACCOUNT_ID,PRODUCT,SANCTIONED_AMOUNT,OUTSTANDING_AMOUNT,INTEREST_RATE,DISBURSAL_DATE,TENURE_MONTHS,DPD,ASSET_CLASSIFICATION,COLLATERAL_TYPE,COLLATERAL_VALUE,STATUS
LN-00001,CUST-0198,ACC-1259,AUTO_LOAN,1663000,879594.79,18.44,2024-06-07,60,0,STANDARD,VEHICLE,1687000.0,ACTIVE
LN-00002,CUST-0297,ACC-1382,NBFC_MSME_LOAN,1033000,315966.01,16.47,2022-07-26,240,14,SMA-0,RECEIVABLES,1668232.46,ACTIVE
LN-00003,CUST-0376,ACC-1481,PERSONAL_LOAN,106000,32899.23,8.57,2024-10-13,120,0,STANDARD,UNSECURED,0,ACTIVE
LN-00004,CUST-0016,ACC-1022,AUTO_LOAN,1459000,333496.89,9.44,2023-06-12,12,336,NPA,VEHICLE,2057840.4,ACTIVE
LN-00005,CUST-0314,ACC-1402,HOME_LOAN,10304000,7340764.09,13.06,2022-01-22,240,267,NPA,RESIDENTIAL_PROPERTY,14662584.92,ACTIVE
LN-00006,CUST-0389,ACC-1498,NBFC_MSME_LOAN,6150000,1393025.61,9.79,2022-11-14,12,0,STANDARD,RECEIVABLES,7055682.14,ACTIVE
LN-00007,CUST-0458,ACC-1585,NBFC_MSME_LOAN,7898000,3266535.65,18.03,2020-05-14,240,0,STANDARD,RECEIVABLES,9941077.55,ACTIVE
LN-00008,CUST-0273,ACC-1352,NBFC_MSME_LOAN,2709000,2621865.39,10.58,2025-05-07,120,0,STANDARD,RECEIVABLES,4779338.89,ACTIVE
LN-00009,CUST-0368,ACC-1468,AUTO_LOAN,1487000,1301996.66,18.38,2020-03-05,120,0,STANDARD,VEHICLE,1958047.18,ACTIVE
LN-00010,CUST-0424,ACC-1545,PERSONAL_LOAN,952000,524486.75,9.48,2021-01-14,36,0,STANDARD,UNSECURED,0,ACTIVE
LN-00011,CUST-0443,ACC-1568,BUSINESS_LOAN,18686000,12903434.92,16.7,2021-12-31,60,15,SMA-0,COMMERCIAL_PROPERTY,21662211.76,ACTIVE
LN-00012,CUST-0495,ACC-1624,AUTO_LOAN,2309000,1972119.81,13.59,2022-08-17,60,0,STANDARD,VEHICLE,3139101.74,ACTIVE
LN-00013,CUST-0049,ACC-1060,PERSONAL_LOAN,462000,333426.45,16.23,2023-08-25,120,0,STANDARD,UNSECURED,0,ACTIVE
LN-00014,CUST-0163,ACC-1212,NBFC_MSME_LOAN,1731000,1541290.45,8.09,2021-03-09,36,0,STANDARD,RECEIVABLES,2947402.89,ACTIVE
LN-00015,CUST-0363,ACC-1462,NBFC_MSME_LOAN,6418000,5490426.74,18.04,2022-06-16,12,1,SMA-0,RECEIVABLES,7623057.59,ACTIVE
LN-00016,CUST-0293,ACC-1377,AUTO_LOAN,912000,777405.77,13.73,2025-03-10,120,0,STANDARD,VEHICLE,1140812.28,ACTIVE
LN-00017,CUST-0146,ACC-1189,HOME_LOAN,6613000,6267192.03,11.13,2021-02-25,12,0,STANDARD,RESIDENTIAL_PROPERTY,10474362.78,ACTIVE
LN-00018,CUST-0256,ACC-1333,HOME_LOAN,2847000,2241530.32,12.23,2021-03-22,120,39,SMA-1,RESIDENTIAL_PROPERTY,3104539.87,ACTIVE
LN-00019,CUST-0174,ACC-1228,AUTO_LOAN,463000,452329.21,17.4,2023-06-02,36,0,STANDARD,VEHICLE,681943.43,ACTIVE
LN-00020,CUST-0415,ACC-1530,PERSONAL_LOAN,433000,393717.53,10.48,2026-02-24,36,0,STANDARD,UNSECURED,0,ACTIVE
LN-00021,CUST-0401,ACC-1514,AUTO_LOAN,2091000,1834321.39,13.73,2023-06-05,12,88,SMA-2,VEHICLE,3236905.2,ACTIVE
LN-00022,CUST-0303,ACC-1389,AUTO_LOAN,2340000,1137527.74,17.38,2024-03-27,120,76,SMA-2,VEHICLE,4143496.45,ACTIVE
LN-00023,CUST-0160,ACC-1208,GOLD_LOAN,944000,403078.06,17.37,2022-03-25,24,0,STANDARD,GOLD,991873.4,ACTIVE
LN-00024,CUST-0010,ACC-1013,NBFC_MSME_LOAN,4585000,3299548.95,10.46,2025-12-15,240,0,STANDARD,RECEIVABLES,7243408.43,ACTIVE
LN-00025,CUST-0498,ACC-1627,GOLD_LOAN,740000,589807.33,8.92,2020-12-16,240,0,STANDARD,GOLD,980405.74,ACTIVE
LN-00026,CUST-0472,ACC-1599,BUSINESS_LOAN,3755000,2602935.8,10.93,2025-12-20,60,314,NPA,COMMERCIAL_PROPERTY,4593156.6,ACTIVE
LN-00027,CUST-0126,ACC-1161,GOLD_LOAN,575000,228189.66,10.54,2023-06-19,36,0,STANDARD,GOLD,745228.98,ACTIVE
LN-00028,CUST-0453,ACC-1579,BUSINESS_LOAN,26117000,24832477.82,16.26,2024-01-26,36,0,STANDARD,COMMERCIAL_PROPERTY,35478393.19,ACTIVE
LN-00029,CUST-0185,ACC-1240,NBFC_MSME_LOAN,964000,437037.04,10.57,2022-07-19,24,0,STANDARD,RECEIVABLES,1692517.19,ACTIVE
LN-00030,CUST-0035,ACC-1044,HOME_LOAN,8410000,7431679.48,15.02,2025-09-08,120,0,STANDARD,RESIDENTIAL_PROPERTY,11943613.79,ACTIVE
LN-00031,CUST-0062,ACC-1075,BUSINESS_LOAN,17525000,6620487.43,11.54,2020-05-06,12,0,STANDARD,COMMERCIAL_PROPERTY,25834527.04,ACTIVE
LN-00032,CUST-0087,ACC-1109,HOME_LOAN,12415000,10421420.07,13.8,2020-02-19,24,0,STANDARD,RESIDENTIAL_PROPERTY,17234750.56,ACTIVE
LN-00033,CUST-0234,ACC-1302,NBFC_MSME_LOAN,7261000,3318582.38,10.37,2020-09-03,12,0,STANDARD,RECEIVABLES,8568341.05,ACTIVE
LN-00034,CUST-0427,ACC-1549,AUTO_LOAN,2316000,827347.25,8.8,2021-03-26,36,0,STANDARD,VEHICLE,3086810.07,ACTIVE
LN-00035,CUST-0245,ACC-1317,NBFC_MSME_LOAN,7147000,1771659.36,15.67,2024-04-17,60,0,STANDARD,RECEIVABLES,9055900.63,ACTIVE
LN-00036,CUST-0196,ACC-1256,HOME_LOAN,8630000,5914108.49,14.57,2021-06-16,240,0,STANDARD,RESIDENTIAL_PROPERTY,11369336.01,ACTIVE
LN-00037,CUST-0258,ACC-1335,PERSONAL_LOAN,587000,298829.86,17.14,2024-12-12,24,0,STANDARD,UNSECURED,0,ACTIVE
LN-00038,CUST-0085,ACC-1107,NBFC_MSME_LOAN,4955000,2608724.43,15.6,2023-11-28,36,0,STANDARD,RECEIVABLES,7082483.66,ACTIVE
LN-00039,CUST-0382,ACC-1488,PERSONAL_LOAN,1281000,523836.78,11.19,2024-11-15,60,174,NPA,UNSECURED,0,ACTIVE
LN-00040,CUST-0113,ACC-1146,AUTO_LOAN,596000,441694.49,8.46,2026-03-16,120,30,SMA-0,VEHICLE,856946.39,ACTIVE
LN-00041,CUST-0182,ACC-1237,PERSONAL_LOAN,1498000,442832.43,10.54,2020-08-29,120,79,SMA-2,UNSECURED,0,ACTIVE
LN-00042,CUST-0290,ACC-1374,PERSONAL_LOAN,167000,64262.39,15.39,2020-01-06,12,68,SMA-2,UNSECURED,0,ACTIVE
LN-00043,CUST-0118,ACC-1152,BUSINESS_LOAN,7096000,5479372.77,13.3,2026-02-17,36,0,STANDARD,COMMERCIAL_PROPERTY,11758939.4,ACTIVE
LN-00044,CUST-0175,ACC-1229,AUTO_LOAN,1263000,540329.37,13.21,2024-12-07,12,0,STANDARD,VEHICLE,1714348.16,ACTIVE
LN-00045,CUST-0418,ACC-1535,HOME_LOAN,6231000,3420332.42,13.34,2025-07-18,36,0,STANDARD,RESIDENTIAL_PROPERTY,7590775.29,ACTIVE
LN-00046,CUST-0272,ACC-1351,GOLD_LOAN,920000,521992.64,15.66,2020-03-31,240,0,STANDARD,GOLD,1383982.38,ACTIVE
LN-00047,CUST-0106,ACC-1138,GOLD_LOAN,471000,246969.87,15.22,2026-02-14,36,0,STANDARD,GOLD,558024.77,ACTIVE
LN-00048,CUST-0200,ACC-1262,AUTO_LOAN,1762000,1476181.72,11.0,2023-10-14,36,59,SMA-1,VEHICLE,2036886.53,ACTIVE
LN-00049,CUST-0335,ACC-1430,AUTO_LOAN,1294000,980828.33,13.96,2023-01-25,24,0,STANDARD,VEHICLE,1781396.36,ACTIVE
LN-00050,CUST-0221,ACC-1288,NBFC_MSME_LOAN,6711000,5453283.85,10.69,2024-04-03,240,0,STANDARD,RECEIVABLES,7285706.6,ACTIVE
LN-00051,CUST-0252,ACC-1328,BUSINESS_LOAN,26562000,23654011.18,15.17,2024-11-02,24,0,STANDARD,COMMERCIAL_PROPERTY,31955463.91,ACTIVE
LN-00052,CUST-0081,ACC-1101,NBFC_MSME_LOAN,1872000,1093622.7,15.58,2024-11-03,60,19,SMA-0,RECEIVABLES,2646965.85,ACTIVE
LN-00053,CUST-0280,ACC-1362,GOLD_LOAN,418000,200720.47,16.12,2021-03-15,120,0,STANDARD,GOLD,536025.29,ACTIVE
LN-00054,CUST-0104,ACC-1134,HOME_LOAN,8600000,7258049.2,11.31,2022-04-19,60,0,STANDARD,RESIDENTIAL_PROPERTY,9199890.7,ACTIVE
LN-00055,CUST-0132,ACC-1172,AUTO_LOAN,1895000,1047082.04,18.09,2023-06-07,36,0,STANDARD,VEHICLE,2437554.06,ACTIVE
LN-00056,CUST-0253,ACC-1329,NBFC_MSME_LOAN,6025000,3022342.82,8.21,2023-03-12,24,47,SMA-1,RECEIVABLES,9355681.81,ACTIVE
LN-00057,CUST-0109,ACC-1141,BUSINESS_LOAN,29604000,27623557.33,14.42,2023-03-17,240,0,STANDARD,COMMERCIAL_PROPERTY,52223305.18,ACTIVE
LN-00058,CUST-0467,ACC-1594,GOLD_LOAN,637000,409827.15,10.39,2022-10-15,120,53,SMA-1,GOLD,716423.65,ACTIVE
LN-00059,CUST-0341,ACC-1436,GOLD_LOAN,105000,72450.88,8.05,2025-05-11,12,0,STANDARD,GOLD,130515.14,ACTIVE
LN-00060,CUST-0438,ACC-1562,AUTO_LOAN,1893000,1747757.64,13.48,2025-09-23,24,28,SMA-0,VEHICLE,2006189.31,ACTIVE
LN-00061,CUST-0170,ACC-1223,PERSONAL_LOAN,209000,108305.08,10.6,2021-06-11,120,380,NPA,UNSECURED,0,ACTIVE
LN-00062,CUST-0375,ACC-1480,PERSONAL_LOAN,1038000,852558.73,17.51,2024-04-27,24,0,STANDARD,UNSECURED,0,ACTIVE
LN-00063,CUST-0278,ACC-1358,GOLD_LOAN,606000,455454.28,8.89,2023-02-01,12,69,SMA-2,GOLD,932746.55,ACTIVE
LN-00064,CUST-0367,ACC-1467,PERSONAL_LOAN,958000,909884.91,9.22,2025-04-12,12,0,STANDARD,UNSECURED,0,ACTIVE
LN-00065,CUST-0470,ACC-1597,NBFC_MSME_LOAN,1497000,794425.94,14.73,2025-03-26,240,0,STANDARD,RECEIVABLES,1831588.22,ACTIVE
LN-00066,CUST-0005,ACC-1005,HOME_LOAN,11745000,4402833.77,16.34,2021-05-25,24,0,STANDARD,RESIDENTIAL_PROPERTY,14173712.32,ACTIVE
LN-00067,CUST-0338,ACC-1433,HOME_LOAN,2437000,1334191.83,16.29,2023-07-22,36,0,STANDARD,RESIDENTIAL_PROPERTY,2522714.79,ACTIVE
LN-00068,CUST-0131,ACC-1170,AUTO_LOAN,717000,407835.16,16.89,2025-08-15,240,0,STANDARD,VEHICLE,787626.04,ACTIVE
LN-00069,CUST-0457,ACC-1583,NBFC_MSME_LOAN,7309000,6068268.34,11.83,2025-07-26,240,0,STANDARD,RECEIVABLES,7971165.43,ACTIVE
LN-00070,CUST-0124,ACC-1159,PERSONAL_LOAN,1164000,952475.72,13.32,2023-12-26,240,0,STANDARD,UNSECURED,0,ACTIVE
LN-00071,CUST-0150,ACC-1194,BUSINESS_LOAN,13663000,9170983.39,10.53,2024-11-28,120,0,STANDARD,COMMERCIAL_PROPERTY,16125131.01,ACTIVE
LN-00072,CUST-0383,ACC-1489,AUTO_LOAN,1041000,447199.5,14.81,2025-02-22,120,0,STANDARD,VEHICLE,1148672.78,ACTIVE
LN-00073,CUST-0144,ACC-1187,GOLD_LOAN,199000,61609.71,11.89,2025-10-15,12,0,STANDARD,GOLD,297979.26,ACTIVE
LN-00074,CUST-0250,ACC-1324,AUTO_LOAN,1519000,1309553.93,17.99,2023-07-22,240,0,STANDARD,VEHICLE,1559680.58,ACTIVE
LN-00075,CUST-0422,ACC-1542,BUSINESS_LOAN,10641000,6664859.85,10.12,2024-05-08,12,0,STANDARD,COMMERCIAL_PROPERTY,13275494.12,ACTIVE
LN-00076,CUST-0407,ACC-1521,NBFC_MSME_LOAN,7784000,2191458.67,14.98,2020-02-09,12,0,STANDARD,RECEIVABLES,9882465.37,ACTIVE
LN-00077,CUST-0475,ACC-1602,AUTO_LOAN,1112000,942253.64,13.46,2025-08-31,240,0,STANDARD,VEHICLE,1152145.89,ACTIVE
LN-00078,CUST-0125,ACC-1160,PERSONAL_LOAN,1079000,978909.21,11.76,2020-11-29,36,0,STANDARD,UNSECURED,0,ACTIVE
LN-00079,CUST-0289,ACC-1373,AUTO_LOAN,1687000,1140181.1,17.43,2024-05-09,12,0,STANDARD,VEHICLE,2477308.92,ACTIVE
LN-00080,CUST-0392,ACC-1503,BUSINESS_LOAN,4466000,2769818.15,10.27,2020-07-20,12,0,STANDARD,COMMERCIAL_PROPERTY,6932433.89,ACTIVE
LN-00081,CUST-0429,ACC-1551,HOME_LOAN,12154000,2898588.0,12.8,2021-01-20,60,0,STANDARD,RESIDENTIAL_PROPERTY,14526292.76,ACTIVE
LN-00082,CUST-0197,ACC-1258,GOLD_LOAN,557000,538897.19,15.61,2021-08-15,12,0,STANDARD,GOLD,841123.63,ACTIVE
LN-00083,CUST-0482,ACC-1609,GOLD_LOAN,704000,646464.6,16.52,2020-02-13,24,0,STANDARD,GOLD,889002.17,ACTIVE
LN-00084,CUST-0068,ACC-1084,NBFC_MSME_LOAN,2964000,2658697.13,9.79,2023-08-19,240,0,STANDARD,RECEIVABLES,3868457.85,ACTIVE
LN-00085,CUST-0165,ACC-1215,GOLD_LOAN,832000,549658.22,11.77,2023-01-29,12,1,SMA-0,GOLD,1051178.12,ACTIVE
LN-00086,CUST-0054,ACC-1065,GOLD_LOAN,636000,190650.13,16.3,2021-07-28,24,0,STANDARD,GOLD,1055554.25,ACTIVE
LN-00087,CUST-0058,ACC-1071,HOME_LOAN,5816000,3949169.67,9.01,2021-12-07,60,0,STANDARD,RESIDENTIAL_PROPERTY,6032336.5,ACTIVE
LN-00088,CUST-0042,ACC-1052,GOLD_LOAN,636000,249254.22,15.12,2020-12-28,12,0,STANDARD,GOLD,742623.87,ACTIVE
LN-00089,CUST-0171,ACC-1224,NBFC_MSME_LOAN,903000,182833.94,14.92,2023-04-06,120,69,SMA-2,RECEIVABLES,1338325.52,ACTIVE
LN-00090,CUST-0430,ACC-1553,AUTO_LOAN,1145000,633394.39,14.55,2023-09-06,24,0,STANDARD,VEHICLE,1653382.1,ACTIVE
LN-00091,CUST-0122,ACC-1157,BUSINESS_LOAN,28201000,27198223.07,16.89,2020-07-16,240,0,STANDARD,COMMERCIAL_PROPERTY,46577716.46,ACTIVE
LN-00092,CUST-0455,ACC-1581,NBFC_MSME_LOAN,1130000,604053.2,10.13,2024-06-20,60,77,SMA-2,RECEIVABLES,1706300.04,ACTIVE
LN-00093,CUST-0098,ACC-1126,NBFC_MSME_LOAN,1892000,649062.37,17.87,2022-03-16,24,0,STANDARD,RECEIVABLES,3002441.65,ACTIVE
LN-00094,CUST-0008,ACC-1010,PERSONAL_LOAN,420000,130005.54,9.98,2025-01-04,36,0,STANDARD,UNSECURED,0,ACTIVE
LN-00095,CUST-0477,ACC-1604,PERSONAL_LOAN,712000,365710.83,9.93,2025-02-28,60,0,STANDARD,UNSECURED,0,ACTIVE
LN-00096,CUST-0261,ACC-1339,PERSONAL_LOAN,793000,470131.51,14.82,2022-10-21,12,0,STANDARD,UNSECURED,0,ACTIVE
LN-00097,CUST-0437,ACC-1561,BUSINESS_LOAN,28834000,22289575.01,10.78,2022-06-29,12,0,STANDARD,COMMERCIAL_PROPERTY,51262016.3,ACTIVE
LN-00098,CUST-0244,ACC-1316,HOME_LOAN,8192000,7877808.69,12.01,2021-08-14,12,0,STANDARD,RESIDENTIAL_PROPERTY,10402971.73,ACTIVE
LN-00099,CUST-0347,ACC-1443,HOME_LOAN,13664000,12235491.41,9.37,2021-11-22,120,22,SMA-0,RESIDENTIAL_PROPERTY,23603593.93,ACTIVE
LN-00100,CUST-0176,ACC-1230,AUTO_LOAN,1610000,953388.47,12.75,2025-05-25,24,24,SMA-0,VEHICLE,2504161.97,ACTIVE
LN-00101,CUST-0271,ACC-1350,BUSINESS_LOAN,21285000,9109900.97,11.74,2024-01-06,36,0,STANDARD,COMMERCIAL_PROPERTY,24844076.74,ACTIVE
LN-00102,CUST-0478,ACC-1605,HOME_LOAN,10085000,5316679.88,9.14,2024-11-14,24,0,STANDARD,RESIDENTIAL_PROPERTY,11588282.71,ACTIVE
LN-00103,CUST-0369,ACC-1469,GOLD_LOAN,303000,244847.27,10.16,2022-07-18,12,223,NPA,GOLD,340944.82,ACTIVE
LN-00104,CUST-0121,ACC-1156,BUSINESS_LOAN,3787000,3178862.42,12.94,2022-07-17,240,0,STANDARD,COMMERCIAL_PROPERTY,6614526.58,ACTIVE
LN-00105,CUST-0484,ACC-1612,BUSINESS_LOAN,15385000,10310632.25,10.5,2021-02-07,24,0,STANDARD,COMMERCIAL_PROPERTY,23219112.43,ACTIVE
LN-00106,CUST-0020,ACC-1026,NBFC_MSME_LOAN,1296000,1258941.84,9.46,2021-12-19,12,0,STANDARD,RECEIVABLES,2332133.47,ACTIVE
LN-00107,CUST-0225,ACC-1293,NBFC_MSME_LOAN,7720000,5334485.99,17.52,2022-07-17,60,0,STANDARD,RECEIVABLES,10697228.77,ACTIVE
LN-00108,CUST-0233,ACC-1301,BUSINESS_LOAN,2247000,1209860.85,11.91,2022-09-06,12,24,SMA-0,COMMERCIAL_PROPERTY,3144712.65,ACTIVE
LN-00109,CUST-0207,ACC-1270,AUTO_LOAN,1663000,774732.5,9.13,2023-02-07,24,20,SMA-0,VEHICLE,2403134.57,ACTIVE
LN-00110,CUST-0311,ACC-1397,HOME_LOAN,7290000,2110586.35,18.25,2024-01-21,12,0,STANDARD,RESIDENTIAL_PROPERTY,12285562.94,ACTIVE
LN-00111,CUST-0055,ACC-1066,AUTO_LOAN,1656000,557810.04,8.86,2022-08-04,36,0,STANDARD,VEHICLE,2472428.45,ACTIVE
LN-00112,CUST-0105,ACC-1137,GOLD_LOAN,125000,105517.34,10.8,2022-09-23,12,0,STANDARD,GOLD,158507.95,ACTIVE
LN-00113,CUST-0070,ACC-1087,GOLD_LOAN,171000,76834.31,13.42,2025-06-06,12,0,STANDARD,GOLD,304939.78,ACTIVE
LN-00114,CUST-0116,ACC-1149,BUSINESS_LOAN,3614000,2413926.89,18.32,2026-03-07,60,0,STANDARD,COMMERCIAL_PROPERTY,4182626.64,ACTIVE
LN-00115,CUST-0228,ACC-1296,AUTO_LOAN,956000,217408.92,16.43,2023-03-17,24,0,STANDARD,VEHICLE,1133910.81,ACTIVE
LN-00116,CUST-0026,ACC-1034,AUTO_LOAN,1028000,514953.56,11.17,2020-11-11,120,0,STANDARD,VEHICLE,1362707.63,ACTIVE
LN-00117,CUST-0063,ACC-1076,HOME_LOAN,7530000,5868925.69,11.87,2022-04-28,24,0,STANDARD,RESIDENTIAL_PROPERTY,11868866.84,ACTIVE
LN-00118,CUST-0239,ACC-1309,NBFC_MSME_LOAN,3809000,3227605.07,15.12,2020-12-18,240,0,STANDARD,RECEIVABLES,5783583.27,ACTIVE
LN-00119,CUST-0358,ACC-1455,HOME_LOAN,2602000,1371574.17,18.06,2022-01-18,60,53,SMA-1,RESIDENTIAL_PROPERTY,4341417.18,ACTIVE
LN-00120,CUST-0444,ACC-1569,NBFC_MSME_LOAN,2215000,515824.44,10.31,2021-02-26,36,0,STANDARD,RECEIVABLES,2908774.04,ACTIVE
LN-00121,CUST-0494,ACC-1623,BUSINESS_LOAN,23142000,9740979.21,12.34,2025-12-28,36,0,STANDARD,COMMERCIAL_PROPERTY,31935271.09,ACTIVE
LN-00122,CUST-0500,ACC-1629,NBFC_MSME_LOAN,5765000,3426356.92,14.13,2023-03-18,240,0,STANDARD,RECEIVABLES,6975128.91,ACTIVE
LN-00123,CUST-0463,ACC-1590,PERSONAL_LOAN,1297000,1218504.62,17.37,2023-07-27,24,0,STANDARD,UNSECURED,0,ACTIVE
LN-00124,CUST-0434,ACC-1557,PERSONAL_LOAN,1152000,625058.98,13.94,2023-05-12,24,0,STANDARD,UNSECURED,0,ACTIVE
LN-00125,CUST-0328,ACC-1421,AUTO_LOAN,1127000,930857.11,16.32,2023-08-21,240,0,STANDARD,VEHICLE,1858842.63,ACTIVE
LN-00126,CUST-0193,ACC-1251,AUTO_LOAN,1459000,302102.1,14.93,2020-05-07,12,8,SMA-0,VEHICLE,1876571.42,ACTIVE
LN-00127,CUST-0339,ACC-1434,AUTO_LOAN,2298000,1903474.47,15.77,2021-07-03,24,0,STANDARD,VEHICLE,3586844.6,ACTIVE
LN-00128,CUST-0345,ACC-1440,AUTO_LOAN,556000,392977.77,13.23,2020-06-17,60,220,NPA,VEHICLE,600858.42,ACTIVE
LN-00129,CUST-0480,ACC-1607,HOME_LOAN,14453000,4131166.09,15.75,2025-11-23,240,0,STANDARD,RESIDENTIAL_PROPERTY,18805048.11,ACTIVE
LN-00130,CUST-0456,ACC-1582,PERSONAL_LOAN,1150000,1125188.02,18.24,2020-05-11,240,0,STANDARD,UNSECURED,0,ACTIVE
LN-00131,CUST-0199,ACC-1261,GOLD_LOAN,677000,343087.26,17.07,2025-06-06,240,0,STANDARD,GOLD,810916.64,ACTIVE
LN-00132,CUST-0153,ACC-1197,BUSINESS_LOAN,25764000,6327908.19,9.03,2025-06-04,240,0,STANDARD,COMMERCIAL_PROPERTY,35430876.61,ACTIVE
LN-00133,CUST-0048,ACC-1059,NBFC_MSME_LOAN,1007000,237140.7,13.18,2021-07-04,240,0,STANDARD,RECEIVABLES,1295757.87,ACTIVE
LN-00134,CUST-0084,ACC-1106,HOME_LOAN,5528000,1225343.76,8.33,2026-03-09,60,0,STANDARD,RESIDENTIAL_PROPERTY,8107599.35,ACTIVE
LN-00135,CUST-0312,ACC-1398,PERSONAL_LOAN,1046000,333508.45,9.3,2024-08-29,24,0,STANDARD,UNSECURED,0,ACTIVE
LN-00136,CUST-0487,ACC-1615,PERSONAL_LOAN,833000,412546.41,11.4,2024-10-25,120,0,STANDARD,UNSECURED,0,ACTIVE
LN-00137,CUST-0267,ACC-1346,HOME_LOAN,10038000,4699977.47,11.72,2021-11-26,12,33,SMA-1,RESIDENTIAL_PROPERTY,11151263.23,ACTIVE
LN-00138,CUST-0337,ACC-1432,AUTO_LOAN,549000,330891.52,10.91,2024-02-21,12,0,STANDARD,VEHICLE,951968.74,ACTIVE
LN-00139,CUST-0292,ACC-1376,BUSINESS_LOAN,11770000,10108912.54,17.54,2023-12-02,240,0,STANDARD,COMMERCIAL_PROPERTY,20707059.58,ACTIVE
LN-00140,CUST-0204,ACC-1267,NBFC_MSME_LOAN,2301000,644169.38,13.94,2021-01-05,120,0,STANDARD,RECEIVABLES,2671434.42,ACTIVE
