SANCTION_ID,LISTED_NAME,ALIASES,ENTITY_TYPE,COUNTRY,PROGRAM,DATE_OF_BIRTH,LIST_SOURCE,LISTED_DATE
SAN-001,Viktor Petrov,Viktor Petrof; V. Petrov,INDIVIDUAL,RU,SYN-RUSSIA-EO,1968-03-14,UN-SYN,2023-01-15
SAN-002,Abdul Rahman Al-Khatib,Abdulrahman Khatib; A.R. Al Khatib,INDIVIDUAL,SY,SYN-SYRIA,1971-07-02,UN-SYN,2016-02-02
SAN-003,Kim Jong Chol,Kim Jong-chol; J.C. Kim,INDIVIDUAL,KP,SYN-DPRK,1975-11-21,UN-SYN,2022-04-05
SAN-004,Hossein Rezaei,Hosein Rezai; H. Rezaei,INDIVIDUAL,IR,SYN-IRAN,1966-01-30,UN-SYN,2017-11-30
SAN-005,Mohammed Farouk Haddad,Mohamed Farouk Hadad,INDIVIDUAL,YE,SYN-SDGT,1980-05-09,UN-SYN,2017-02-13
SAN-006,Dmitri Sokolov,Dmitry Sokolov; D. Sokolow,INDIVIDUAL,RU,SYN-RUSSIA-EO,1972-09-18,OFAC-SYN,2021-03-08
SAN-007,Aung Min Thein,Aung Min Thien,INDIVIDUAL,MM,SYN-BURMA,1969-12-01,OFAC-SYN,2022-01-28
SAN-008,Rakesh Bhandari,Rakesh Bhandary; R.K. Bhandari,INDIVIDUAL,AE,SYN-NARCOTICS,1977-04-25,UN-SYN,2020-03-11
SAN-009,Salim Yusuf Merchant,Saleem Yousuf Merchant; Salim Merchant,INDIVIDUAL,PK,SYN-SDGT,1974-08-13,UN-SYN,2020-10-02
SAN-010,Chen Weiguo,Chen Wei Guo; W.G. Chen,INDIVIDUAL,HK,SYN-CYBER,1983-02-11,UN-SYN,2021-07-05
SAN-011,Olusegun Adeyemi,Olu Adeyemi,INDIVIDUAL,NG,SYN-FRAUD,1979-06-06,UN-SYN,2025-07-18
SAN-012,Javier Mendoza Ruiz,J. Mendoza Ruiz; Javi Mendoza,INDIVIDUAL,PA,SYN-NARCOTICS,1970-10-10,OFAC-SYN,2021-03-16
SAN-013,Golden Crescent General Trading LLC,Golden Crescent Trading,ENTITY,AE,SYN-IRAN,,OFAC-SYN,2018-04-18
SAN-014,Northstar Maritime Holdings,North Star Maritime,ENTITY,PA,SYN-DPRK,,OFAC-SYN,2022-11-21
SAN-015,Levant Petro Services,Levant Petroleum Services,ENTITY,SY,SYN-SYRIA,,OFAC-SYN,2023-09-29
SAN-016,Baltic Amber Resources Ltd,Baltic Amber Resources,ENTITY,CY,SYN-RUSSIA-EO,,OFAC-SYN,2020-06-26
SAN-017,Irrawaddy Jade Consortium,Irawaddy Jade Consortium,ENTITY,MM,SYN-BURMA,,OFAC-SYN,2021-12-23
SAN-018,Red Sea Logistics FZE,Redsea Logistics,ENTITY,AE,SYN-SDGT,,EU-SYN,2018-07-02
